Channel_DNA,Count_Exp_grp,Crop_AreaRetainedAfterCropping_Experiment,Crop_OriginalImageArea_Experiment,ExecutionTime_01Images,ExecutionTime_02Metadata,ExecutionTime_03NamesAndTypes,ExecutionTime_04Groups,ExecutionTime_05Crop,ExecutionTime_06IdentifyPrimaryObjects,ExecutionTime_07TrackObjects,FileName_DNA,Frame_DNA,Group_Index,Group_Length,Group_Number,Height_DNA,ImageNumber,ImageSet_ImageSet,MD5Digest_DNA,Metadata_FileLocation,Metadata_Frame,Metadata_Series,ModuleError_01Images,ModuleError_02Metadata,ModuleError_03NamesAndTypes,ModuleError_04Groups,ModuleError_05Crop,ModuleError_06IdentifyPrimaryObjects,ModuleError_07TrackObjects,PathName_DNA,ProcessingStatus,Scaling_DNA,Series_DNA,Threshold_FinalThreshold_Exp_grp,Threshold_OrigThreshold_Exp_grp,Threshold_SumOfEntropies_Exp_grp,Threshold_WeightedVariance_Exp_grp,TrackObjects_LostObjectCount_Exp_grp_50,TrackObjects_MergedObjectCount_Exp_grp_50,TrackObjects_NewObjectCount_Exp_grp_50,TrackObjects_SplitObjectCount_Exp_grp_50,URL_DNA,Width_DNA
-1,1241.0,2373376,3137536,0.0,0.0,0.3125,0.0,0.0625,1.265625,0.078125,image001.jpg,0,1,145,1,1532,1,b'eLsiyY47G00WtCv1DAz1sgrSwUUczI1Ar4PsBpWBziiFIYiBKBDBngcywOEGpIGhaQcAB52E5Q==',4f5281815c003492ea152a77bb11878f,file:///C:/Users/Ajit/Documents/VS%20Code/Chemotaxis/Data/Exp_grp/image001.jpg,0,0,0,0,0,0,0,0,0,C:\Users\Ajit\Documents\VS Code\Chemotaxis\Data\Exp_grp,Done,255,0,0.48567986488342285,0.48567986,-11.627558322633003,0.022984112557658108,0,0,1241,0,file:///C:/Users/Ajit/Documents/VS%20Code/Chemotaxis/Data/Exp_grp/image001.jpg,2048
-1,1287.0,2373376,3137536,0.0,0.0,0.109375,0.0,0.0,1.46875,0.09375,image002.jpg,0,2,145,1,1532,2,b'eLsiyY47G00WtCv1DIz0sgrSwUUczI1Ar4PsBpWBziiFIYiBKBDBngcywOEGpIGhaQcAB+qE5g==',f256def31f40c9c34ff43aeebfa5e784,file:///C:/Users/Ajit/Documents/VS%20Code/Chemotaxis/Data/Exp_grp/image002.jpg,0,0,0,0,0,0,0,0,0,C:\Users\Ajit\Documents\VS Code\Chemotaxis\Data\Exp_grp,Done,255,0,0.4859555959701538,0.4859556,-11.746517231799185,0.023409070282172383,42,210,93,204,file:///C:/Users/Ajit/Documents/VS%20Code/Chemotaxis/Data/Exp_grp/image002.jpg,2048
-1,1331.0,2373376,3137536,0.0,0.0,0.046875,0.0,0.0625,1.484375,0.078125,image003.jpg,0,3,145,1,1532,3,b'eLsiyY47G00WtCv1DIz1sgrSwUUczI1Ar4PsBpWBziiFIYiBKBDBngcywOEGpIGhaQcACDeE5w==',07998661ea8e352c7df2062b96e26906,file:///C:/Users/Ajit/Documents/VS%20Code/Chemotaxis/Data/Exp_grp/image003.jpg,0,0,0,0,0,0,0,0,0,C:\Users\Ajit\Documents\VS Code\Chemotaxis\Data\Exp_grp,Done,255,0,0.485485315322876,0.48548532,-11.752926513549227,0.02394365265920442,56,209,95,272,file:///C:/Users/Ajit/Documents/VS%20Code/Chemotaxis/Data/Exp_grp/image003.jpg,2048
-1,1379.0,2373376,3137536,0.0,0.0,0.09375,0.0,0.09375,1.21875,0.140625,image004.jpg,0,4,145,1,1532,4,b'eLsiyY47G00WtCv1DEz0sgrSwUUczI1Ar4PsBpWBziiFIYiBKBDBngcywOEGpIGhaQcACISE6A==',b6b8dc0e069562176796bf70b3334b5e,file:///C:/Users/Ajit/Documents/VS%20Code/Chemotaxis/Data/Exp_grp/image004.jpg,0,0,0,0,0,0,0,0,0,C:\Users\Ajit\Documents\VS Code\Chemotaxis\Data\Exp_grp,Done,255,0,0.4861709475517273,0.48617095,-11.676090266308613,0.0243141175765583,43,235,83,323,file:///C:/Users/Ajit/Documents/VS%20Code/Chemotaxis/Data/Exp_grp/image004.jpg,2048
-1,1380.0,2373376,3137536,0.0,0.0,0.046875,0.0,0.0625,1.375,0.09375,image005.jpg,0,5,145,1,1532,5,b'eLsiyY47G00WtCv1DEz1sgrSwUUczI1Ar4PsBpWBziiFIYiBKBDBngcywOEGpIGhaQcACNGE6Q==',4bac0aadf486ce5d4c1d9c02f7a52127,file:///C:/Users/Ajit/Documents/VS%20Code/Chemotaxis/Data/Exp_grp/image005.jpg,0,0,0,0,0,0,0,0,0,C:\Users\Ajit\Documents\VS Code\Chemotaxis\Data\Exp_grp,Done,255,0,0.48903030157089233,0.4890303,-11.627250926999835,0.024161793325201714,52,229,71,332,file:///C:/Users/Ajit/Documents/VS%20Code/Chemotaxis/Data/Exp_grp/image005.jpg,2048
-1,1373.0,2373376,3137536,0.0,0.0,0.046875,0.0,0.0625,1.484375,0.109375,image006.jpg,0,6,145,1,1532,6,b'eLsiyY47G00WtCv1DMz0sgrSwUUczI1Ar4PsBpWBziiFIYiBKBDBngcywOEGpIGhaQcACR6E6g==',3c1206d00feda0f27f74bd22cb73316f,file:///C:/Users/Ajit/Documents/VS%20Code/Chemotaxis/Data/Exp_grp/image006.jpg,0,0,0,0,0,0,0,0,0,C:\Users\Ajit\Documents\VS Code\Chemotaxis\Data\Exp_grp,Done,255,0,0.4898061156272888,0.48980612,-11.645017759829047,0.02404308334265751,62,234,84,340,file:///C:/Users/Ajit/Documents/VS%20Code/Chemotaxis/Data/Exp_grp/image006.jpg,2048
-1,1379.0,2373376,3137536,0.0,0.0,0.046875,0.0,0.0625,1.46875,0.125,image007.jpg,0,7,145,1,1532,7,b'eLsiyY47G00WtCv1DMz1sgrSwUUczI1Ar4PsBpWBziiFIYiBKBDBngcywOEGpIGhaQcACWuE6w==',df1a1e6c0d3cd54b949800a25ad19cc2,file:///C:/Users/Ajit/Documents/VS%20Code/Chemotaxis/Data/Exp_grp/image007.jpg,0,0,0,0,0,0,0,0,0,C:\Users\Ajit\Documents\VS Code\Chemotaxis\Data\Exp_grp,Done,255,0,0.4901183843612671,0.49011838,-11.71456699991114,0.02399412599734437,61,232,72,318,file:///C:/Users/Ajit/Documents/VS%20Code/Chemotaxis/Data/Exp_grp/image007.jpg,2048
-1,1327.0,2373376,3137536,0.0,0.0,0.0,0.0,0.046875,1.140625,0.0625,image008.jpg,0,8,145,1,1532,8,b'eLsiyY47G00WtCv1DCz0sgrSwUUczI1Ar4PsBpWBziiFIYiBKBDBngcywOEGpIGhaQcACbiE7A==',3ddff8825e549ef0d616018476107197,file:///C:/Users/Ajit/Documents/VS%20Code/Chemotaxis/Data/Exp_grp/image008.jpg,0,0,0,0,0,0,0,0,0,C:\Users\Ajit\Documents\VS Code\Chemotaxis\Data\Exp_grp,Done,255,0,0.4927447438240051,0.49274474,-11.607237531302083,0.023710913734541733,43,233,59,309,file:///C:/Users/Ajit/Documents/VS%20Code/Chemotaxis/Data/Exp_grp/image008.jpg,2048
-1,1365.0,2373376,3137536,0.0,0.0,0.03125,0.0,0.078125,1.640625,0.125,image009.jpg,0,9,145,1,1532,9,b'eLsiyY47G00WtCv1DCz1sgrSwUUczI1Ar4PsBpWBziiFIYiBKBDBngcywOEGpIGhaQcACgWE7Q==',ff715f2cce458bab956237717952b3cd,file:///C:/Users/Ajit/Documents/VS%20Code/Chemotaxis/Data/Exp_grp/image009.jpg,0,0,0,0,0,0,0,0,0,C:\Users\Ajit\Documents\VS Code\Chemotaxis\Data\Exp_grp,Done,255,0,0.49336904287338257,0.49336904,-11.685261544493311,0.023517030033904956,36,240,76,324,file:///C:/Users/Ajit/Documents/VS%20Code/Chemotaxis/Data/Exp_grp/image009.jpg,2048
-1,1381.0,2373376,3137536,0.0,0.0,0.140625,0.0,0.09375,2.15625,0.046875,image010.jpg,0,10,145,1,1532,10,b'eLsiyY47G00WtCv1DA30sgrSwUUczI1Ar4PsBpWBziiFIYiBKBDBngcywOEGpIGhaQcAB56E5Q==',10d578a0ccc55454242a69dcbdf97447,file:///C:/Users/Ajit/Documents/VS%20Code/Chemotaxis/Data/Exp_grp/image010.jpg,0,0,0,0,0,0,0,0,0,C:\Users\Ajit\Documents\VS Code\Chemotaxis\Data\Exp_grp,Done,255,0,0.4936206340789795,0.49362063,-11.778608206658056,0.023407363834859297,60,245,80,324,file:///C:/Users/Ajit/Documents/VS%20Code/Chemotaxis/Data/Exp_grp/image010.jpg,2048
-1,1355.0,2373376,3137536,0.0,0.0,0.03125,0.0,0.046875,1.359375,0.109375,image011.jpg,0,11,145,1,1532,11,b'eLsiyY47G00WtCv1DA31sgrSwUUczI1Ar4PsBpWBziiFIYiBKBDBngcywOEGpIGhaQcAB+uE5g==',10336f7411bb4bb75fd97a853c1a5574,file:///C:/Users/Ajit/Documents/VS%20Code/Chemotaxis/Data/Exp_grp/image011.jpg,0,0,0,0,0,0,0,0,0,C:\Users\Ajit\Documents\VS Code\Chemotaxis\Data\Exp_grp,Done,255,0,0.4967331290245056,0.49673313,-11.759661003500625,0.022979780864651606,59,245,68,335,file:///C:/Users/Ajit/Documents/VS%20Code/Chemotaxis/Data/Exp_grp/image011.jpg,2048
-1,1354.0,2373376,3137536,0.0,0.0,0.078125,0.0,0.046875,1.25,0.015625,image012.jpg,0,12,145,1,1532,12,b'eLsiyY47G00WtCv1DI30sgrSwUUczI1Ar4PsBpWBziiFIYiBKBDBngcywOEGpIGhaQcACDiE5w==',01df8f8f2e6be50a2848215c4f4fa2ac,file:///C:/Users/Ajit/Documents/VS%20Code/Chemotaxis/Data/Exp_grp/image012.jpg,0,0,0,0,0,0,0,0,0,C:\Users\Ajit\Documents\VS Code\Chemotaxis\Data\Exp_grp,Done,255,0,0.4964284896850586,0.4964285,-11.8171297759798,0.023077808054943184,54,230,58,334,file:///C:/Users/Ajit/Documents/VS%20Code/Chemotaxis/Data/Exp_grp/image012.jpg,2048
-1,1332.0,2373376,3137536,0.0,0.0,0.0625,0.0,0.046875,1.234375,0.140625,image013.jpg,0,13,145,1,1532,13,b'eLsiyY47G00WtCv1DI31sgrSwUUczI1Ar4PsBpWBziiFIYiBKBDBngcywOEGpIGhaQcACIWE6A==',c7e4b04c5aff006c3284341b6d85f976,file:///C:/Users/Ajit/Documents/VS%20Code/Chemotaxis/Data/Exp_grp/image013.jpg,0,0,0,0,0,0,0,0,0,C:\Users\Ajit\Documents\VS Code\Chemotaxis\Data\Exp_grp,Done,255,0,0.497180700302124,0.4971807,-11.610000355502958,0.023021193783466926,56,248,72,331,file:///C:/Users/Ajit/Documents/VS%20Code/Chemotaxis/Data/Exp_grp/image013.jpg,2048
-1,1377.0,2373376,3137536,0.0,0.0,0.046875,0.0,0.0625,1.375,0.03125,image014.jpg,0,14,145,1,1532,14,b'eLsiyY47G00WtCv1DE30sgrSwUUczI1Ar4PsBpWBziiFIYiBKBDBngcywOEGpIGhaQcACNKE6Q==',0ea0346e934618db69cafd2de88cf3e3,file:///C:/Users/Ajit/Documents/VS%20Code/Chemotaxis/Data/Exp_grp/image014.jpg,0,0,0,0,0,0,0,0,0,C:\Users\Ajit\Documents\VS Code\Chemotaxis\Data\Exp_grp,Done,255,0,0.4970974922180176,0.4970975,-11.720845023039944,0.022829765987258988,61,229,70,327,file:///C:/Users/Ajit/Documents/VS%20Code/Chemotaxis/Data/Exp_grp/image014.jpg,2048
-1,1408.0,2373376,3137536,0.0,0.0,0.015625,0.0,0.046875,1.296875,0.140625,image015.jpg,0,15,145,1,1532,15,b'eLsiyY47G00WtCv1DE31sgrSwUUczI1Ar4PsBpWBziiFIYiBKBDBngcywOEGpIGhaQcACR+E6g==',ff1c6909dbbce76e2c113fdc5528d7ad,file:///C:/Users/Ajit/Documents/VS%20Code/Chemotaxis/Data/Exp_grp/image015.jpg,0,0,0,0,0,0,0,0,0,C:\Users\Ajit\Documents\VS Code\Chemotaxis\Data\Exp_grp,Done,255,0,0.49692869186401367,0.4969287,-11.71643905881032,0.02317116780743822,63,240,73,337,file:///C:/Users/Ajit/Documents/VS%20Code/Chemotaxis/Data/Exp_grp/image015.jpg,2048
-1,1403.0,2373376,3137536,0.0,0.0,0.046875,0.0,0.078125,1.46875,0.109375,image016.jpg,0,16,145,1,1532,16,b'eLsiyY47G00WtCv1DM30sgrSwUUczI1Ar4PsBpWBziiFIYiBKBDBngcywOEGpIGhaQcACWyE6w==',26b2f6eac3e729c54ed0ec4d4baccffe,file:///C:/Users/Ajit/Documents/VS%20Code/Chemotaxis/Data/Exp_grp/image016.jpg,0,0,0,0,0,0,0,0,0,C:\Users\Ajit\Documents\VS Code\Chemotaxis\Data\Exp_grp,Done,255,0,0.4968440532684326,0.49684405,-11.557272080479546,0.022883209318247145,59,256,81,323,file:///C:/Users/Ajit/Documents/VS%20Code/Chemotaxis/Data/Exp_grp/image016.jpg,2048
-1,1428.0,2373376,3137536,0.0,0.0,0.078125,0.0,0.0625,1.390625,0.03125,image017.jpg,0,17,145,1,1532,17,b'eLsiyY47G00WtCv1DM31sgrSwUUczI1Ar4PsBpWBziiFIYiBKBDBngcywOEGpIGhaQcACbmE7A==',d6745ef94528cf3896b5bf20484675dc,file:///C:/Users/Ajit/Documents/VS%20Code/Chemotaxis/Data/Exp_grp/image017.jpg,0,0,0,0,0,0,0,0,0,C:\Users\Ajit\Documents\VS Code\Chemotaxis\Data\Exp_grp,Done,255,0,0.4968906044960022,0.4968906,-11.6182304360869,0.023190943472431544,49,256,78,316,file:///C:/Users/Ajit/Documents/VS%20Code/Chemotaxis/Data/Exp_grp/image017.jpg,2048
-1,1456.0,2373376,3137536,0.0,0.0,0.0625,0.0,0.046875,1.234375,0.125,image018.jpg,0,18,145,1,1532,18,b'eLsiyY47G00WtCv1DC30sgrSwUUczI1Ar4PsBpWBziiFIYiBKBDBngcywOEGpIGhaQcACgaE7Q==',cb850789e61c492ae96a75a77f508365,file:///C:/Users/Ajit/Documents/VS%20Code/Chemotaxis/Data/Exp_grp/image018.jpg,0,0,0,0,0,0,0,0,0,C:\Users\Ajit\Documents\VS Code\Chemotaxis\Data\Exp_grp,Done,255,0,0.4967259168624878,0.49672592,-11.699688687130468,0.02306525128927841,65,258,82,336,file:///C:/Users/Ajit/Documents/VS%20Code/Chemotaxis/Data/Exp_grp/image018.jpg,2048
-1,1488.0,2373376,3137536,0.0,0.0,0.0,0.0,0.0625,1.28125,0.09375,image019.jpg,0,19,145,1,1532,19,b'eLsiyY47G00WtCv1DC31sgrSwUUczI1Ar4PsBpWBziiFIYiBKBDBngcywOEGpIGhaQcAClOE7g==',39771c174300d8790843d362aaf3520b,file:///C:/Users/Ajit/Documents/VS%20Code/Chemotaxis/Data/Exp_grp/image019.jpg,0,0,0,0,0,0,0,0,0,C:\Users\Ajit\Documents\VS Code\Chemotaxis\Data\Exp_grp,Done,255,0,0.49626976251602173,0.49626976,-11.73149146756674,0.022887249148821114,64,260,85,321,file:///C:/Users/Ajit/Documents/VS%20Code/Chemotaxis/Data/Exp_grp/image019.jpg,2048
-1,1450.0,2373376,3137536,0.0,0.0,0.03125,0.0,0.015625,1.203125,0.078125,image020.jpg,0,20,145,1,1532,20,b'eLsiyY47G00WtCv1jAz0sgrSwUUczI1Ar4PsBpWBziiFIYiBKBDBngcywOEGpIGhaQcAB+yE5g==',0953de7ade73fce37d634722f9d5936a,file:///C:/Users/Ajit/Documents/VS%20Code/Chemotaxis/Data/Exp_grp/image020.jpg,0,0,0,0,0,0,0,0,0,C:\Users\Ajit\Documents\VS Code\Chemotaxis\Data\Exp_grp,Done,255,0,0.4939758777618408,0.49397588,-11.846696231209293,0.023261471406836015,67,297,97,310,file:///C:/Users/Ajit/Documents/VS%20Code/Chemotaxis/Data/Exp_grp/image020.jpg,2048
-1,1523.0,2373376,3137536,0.0,0.0,0.046875,0.0,0.03125,1.40625,0.109375,image021.jpg,0,21,145,1,1532,21,b'eLsiyY47G00WtCv1jAz1sgrSwUUczI1Ar4PsBpWBziiFIYiBKBDBngcywOEGpIGhaQcACDmE5w==',2cb97b59fea2ec9103868ef300ef01e0,file:///C:/Users/Ajit/Documents/VS%20Code/Chemotaxis/Data/Exp_grp/image021.jpg,0,0,0,0,0,0,0,0,0,C:\Users\Ajit\Documents\VS Code\Chemotaxis\Data\Exp_grp,Done,255,0,0.4968193769454956,0.49681938,-11.777492436235427,0.02342826161567052,56,252,84,326,file:///C:/Users/Ajit/Documents/VS%20Code/Chemotaxis/Data/Exp_grp/image021.jpg,2048
-1,1493.0,2373376,3137536,0.0,0.0,0.03125,0.0,0.046875,1.375,0.109375,image022.jpg,0,22,145,1,1532,22,b'eLsiyY47G00WtCv1jIz0sgrSwUUczI1Ar4PsBpWBziiFIYiBKBDBngcywOEGpIGhaQcACIaE6A==',819074221c7283b211977e11423ee666,file:///C:/Users/Ajit/Documents/VS%20Code/Chemotaxis/Data/Exp_grp/image022.jpg,0,0,0,0,0,0,0,0,0,C:\Users\Ajit\Documents\VS Code\Chemotaxis\Data\Exp_grp,Done,255,0,0.49662405252456665,0.49662405,-11.773124561303053,0.02378232774100938,58,295,85,320,file:///C:/Users/Ajit/Documents/VS%20Code/Chemotaxis/Data/Exp_grp/image022.jpg,2048
-1,1555.0,2373376,3137536,0.0,0.0,0.03125,0.0,0.015625,1.40625,0.09375,image023.jpg,0,23,145,1,1532,23,b'eLsiyY47G00WtCv1jIz1sgrSwUUczI1Ar4PsBpWBziiFIYiBKBDBngcywOEGpIGhaQcACNOE6Q==',c5c8a70b812740cbd86ff93025b79e35,file:///C:/Users/Ajit/Documents/VS%20Code/Chemotaxis/Data/Exp_grp/image023.jpg,0,0,0,0,0,0,0,0,0,C:\Users\Ajit\Documents\VS Code\Chemotaxis\Data\Exp_grp,Done,255,0,0.4967067837715149,0.49670678,-11.804971109201626,0.023755143770357423,53,255,89,350,file:///C:/Users/Ajit/Documents/VS%20Code/Chemotaxis/Data/Exp_grp/image023.jpg,2048
-1,1570.0,2373376,3137536,0.0,0.0,0.046875,0.0,0.03125,1.546875,0.109375,image024.jpg,0,24,145,1,1532,24,b'eLsiyY47G00WtCv1jEz0sgrSwUUczI1Ar4PsBpWBziiFIYiBKBDBngcywOEGpIGhaQcACSCE6g==',eb61ff23dc0562d80294ba4c440672f2,file:///C:/Users/Ajit/Documents/VS%20Code/Chemotaxis/Data/Exp_grp/image024.jpg,0,0,0,0,0,0,0,0,0,C:\Users\Ajit\Documents\VS Code\Chemotaxis\Data\Exp_grp,Done,255,0,0.4975082278251648,0.49750823,-11.651815117743128,0.02345252211965155,63,304,94,351,file:///C:/Users/Ajit/Documents/VS%20Code/Chemotaxis/Data/Exp_grp/image024.jpg,2048
-1,1554.0,2373376,3137536,0.0,0.0,0.015625,0.0,0.03125,1.546875,0.09375,image025.jpg,0,25,145,1,1532,25,b'eLsiyY47G00WtCv1jEz1sgrSwUUczI1Ar4PsBpWBziiFIYiBKBDBngcywOEGpIGhaQcACW2E6w==',570231f73fa0c3d90daf6d07a84c2217,file:///C:/Users/Ajit/Documents/VS%20Code/Chemotaxis/Data/Exp_grp/image025.jpg,0,0,0,0,0,0,0,0,0,C:\Users\Ajit\Documents\VS Code\Chemotaxis\Data\Exp_grp,Done,255,0,0.4975459575653076,0.49754596,-11.747860699100855,0.02367591572540051,74,291,91,344,file:///C:/Users/Ajit/Documents/VS%20Code/Chemotaxis/Data/Exp_grp/image025.jpg,2048
-1,1519.0,2373376,3137536,0.0,0.0,0.03125,0.0,0.03125,1.109375,0.0625,image026.jpg,0,26,145,1,1532,26,b'eLsiyY47G00WtCv1jMz0sgrSwUUczI1Ar4PsBpWBziiFIYiBKBDBngcywOEGpIGhaQcACbqE7A==',aceb18e2fc8568e19989dfe126eb9da5,file:///C:/Users/Ajit/Documents/VS%20Code/Chemotaxis/Data/Exp_grp/image026.jpg,0,0,0,0,0,0,0,0,0,C:\Users\Ajit\Documents\VS Code\Chemotaxis\Data\Exp_grp,Done,255,0,0.5008735060691833,0.5008735,-10.737251698586583,0.024021726600847157,62,292,78,328,file:///C:/Users/Ajit/Documents/VS%20Code/Chemotaxis/Data/Exp_grp/image026.jpg,2048
-1,1569.0,2373376,3137536,0.0,0.0,0.03125,0.0,0.046875,1.5,0.078125,image027.jpg,0,27,145,1,1532,27,b'eLsiyY47G00WtCv1jMz1sgrSwUUczI1Ar4PsBpWBziiFIYiBKBDBngcywOEGpIGhaQcACgeE7Q==',aa5280ff683a705c6823fa5269d516cf,file:///C:/Users/Ajit/Documents/VS%20Code/Chemotaxis/Data/Exp_grp/image027.jpg,0,0,0,0,0,0,0,0,0,C:\Users\Ajit\Documents\VS Code\Chemotaxis\Data\Exp_grp,Done,255,0,0.49766695499420166,0.49766695,-11.703879491108133,0.023850661256824248,60,279,120,339,file:///C:/Users/Ajit/Documents/VS%20Code/Chemotaxis/Data/Exp_grp/image027.jpg,2048
-1,1608.0,2373376,3137536,0.0,0.0,0.03125,0.0,0.03125,1.15625,0.078125,image028.jpg,0,28,145,1,1532,28,b'eLsiyY47G00WtCv1jCz0sgrSwUUczI1Ar4PsBpWBziiFIYiBKBDBngcywOEGpIGhaQcAClSE7g==',ff67f40615ce4460aae6f9e8be2a3d89,file:///C:/Users/Ajit/Documents/VS%20Code/Chemotaxis/Data/Exp_grp/image028.jpg,0,0,0,0,0,0,0,0,0,C:\Users\Ajit\Documents\VS Code\Chemotaxis\Data\Exp_grp,Done,255,0,0.49784690141677856,0.4978469,-11.614063970693412,0.023978265086604923,45,295,98,345,file:///C:/Users/Ajit/Documents/VS%20Code/Chemotaxis/Data/Exp_grp/image028.jpg,2048
-1,1613.0,2373376,3137536,0.0,0.0,0.0625,0.0,0.0625,1.34375,0.09375,image029.jpg,0,29,145,1,1532,29,b'eLsiyY47G00WtCv1jCz1sgrSwUUczI1Ar4PsBpWBziiFIYiBKBDBngcywOEGpIGhaQcACqGE7w==',20b07b5786b87d879e01b5bf00a777d3,file:///C:/Users/Ajit/Documents/VS%20Code/Chemotaxis/Data/Exp_grp/image029.jpg,0,0,0,0,0,0,0,0,0,C:\Users\Ajit\Documents\VS Code\Chemotaxis\Data\Exp_grp,Done,255,0,0.4978981018066406,0.4978981,-11.63886215423183,0.024345779841899843,68,292,96,350,file:///C:/Users/Ajit/Documents/VS%20Code/Chemotaxis/Data/Exp_grp/image029.jpg,2048
-1,1598.0,2373376,3137536,0.0,0.0,0.0625,0.0,0.109375,1.3125,0.09375,image030.jpg,0,30,145,1,1532,30,b'eLsiyY47G00WtCv1jA30sgrSwUUczI1Ar4PsBpWBziiFIYiBKBDBngcywOEGpIGhaQcACDqE5w==',528aa27d56b64ab1fdf5432b4aae5ef1,file:///C:/Users/Ajit/Documents/VS%20Code/Chemotaxis/Data/Exp_grp/image030.jpg,0,0,0,0,0,0,0,0,0,C:\Users\Ajit\Documents\VS Code\Chemotaxis\Data\Exp_grp,Done,255,0,0.5002875924110413,0.5002876,-11.658793487226557,0.0243452143308482,86,307,101,348,file:///C:/Users/Ajit/Documents/VS%20Code/Chemotaxis/Data/Exp_grp/image030.jpg,2048
-1,1627.0,2373376,3137536,0.0,0.0,0.09375,0.0,0.09375,1.3125,0.09375,image031.jpg,0,31,145,1,1532,31,b'eLsiyY47G00WtCv1jA31sgrSwUUczI1Ar4PsBpWBziiFIYiBKBDBngcywOEGpIGhaQcACIeE6A==',bbafa0c2d4dab7ecf80da7ee09f0f8b9,file:///C:/Users/Ajit/Documents/VS%20Code/Chemotaxis/Data/Exp_grp/image031.jpg,0,0,0,0,0,0,0,0,0,C:\Users\Ajit\Documents\VS Code\Chemotaxis\Data\Exp_grp,Done,255,0,0.5003938674926758,0.50039387,-11.654910919371135,0.02459539634595766,67,293,111,339,file:///C:/Users/Ajit/Documents/VS%20Code/Chemotaxis/Data/Exp_grp/image031.jpg,2048
-1,1607.0,2373376,3137536,0.0,0.0,0.03125,0.0,0.0,1.453125,0.203125,image032.jpg,0,32,145,1,1532,32,b'eLsiyY47G00WtCv1jI30sgrSwUUczI1Ar4PsBpWBziiFIYiBKBDBngcywOEGpIGhaQcACNSE6Q==',0bc5cb6532ff9f73f4ee8a0391a59356,file:///C:/Users/Ajit/Documents/VS%20Code/Chemotaxis/Data/Exp_grp/image032.jpg,0,0,0,0,0,0,0,0,0,C:\Users\Ajit\Documents\VS Code\Chemotaxis\Data\Exp_grp,Done,255,0,0.5002092719078064,0.5002093,-11.718439651877599,0.024659630939254912,73,306,93,329,file:///C:/Users/Ajit/Documents/VS%20Code/Chemotaxis/Data/Exp_grp/image032.jpg,2048
-1,1623.0,2373376,3137536,0.0,0.0,0.03125,0.0,0.03125,1.5625,0.09375,image033.jpg,0,33,145,1,1532,33,b'eLsiyY47G00WtCv1jI31sgrSwUUczI1Ar4PsBpWBziiFIYiBKBDBngcywOEGpIGhaQcACSGE6g==',6a58e2ca1b5b21148af50475dc328acb,file:///C:/Users/Ajit/Documents/VS%20Code/Chemotaxis/Data/Exp_grp/image033.jpg,0,0,0,0,0,0,0,0,0,C:\Users\Ajit\Documents\VS Code\Chemotaxis\Data\Exp_grp,Done,255,0,0.5004864931106567,0.5004865,-11.670814180241678,0.024460082144295736,73,294,78,342,file:///C:/Users/Ajit/Documents/VS%20Code/Chemotaxis/Data/Exp_grp/image033.jpg,2048
-1,1633.0,2373376,3137536,0.0,0.0,0.046875,0.0,0.015625,1.4375,0.09375,image034.jpg,0,34,145,1,1532,34,b'eLsiyY47G00WtCv1jE30sgrSwUUczI1Ar4PsBpWBziiFIYiBKBDBngcywOEGpIGhaQcACW6E6w==',c696dd72b1b1386a59d3412d5c6dcac3,file:///C:/Users/Ajit/Documents/VS%20Code/Chemotaxis/Data/Exp_grp/image034.jpg,0,0,0,0,0,0,0,0,0,C:\Users\Ajit\Documents\VS Code\Chemotaxis\Data\Exp_grp,Done,255,0,0.500806987285614,0.500807,-11.744350596113321,0.024321103869659123,57,299,106,333,file:///C:/Users/Ajit/Documents/VS%20Code/Chemotaxis/Data/Exp_grp/image034.jpg,2048
-1,1565.0,2373376,3137536,0.0,0.0,0.03125,0.0,0.046875,1.375,0.140625,image035.jpg,0,35,145,1,1532,35,b'eLsiyY47G00WtCv1jE31sgrSwUUczI1Ar4PsBpWBziiFIYiBKBDBngcywOEGpIGhaQcACbuE7A==',bb2517761820acc77c9d4793d3f3a21a,file:///C:/Users/Ajit/Documents/VS%20Code/Chemotaxis/Data/Exp_grp/image035.jpg,0,0,0,0,0,0,0,0,0,C:\Users\Ajit\Documents\VS Code\Chemotaxis\Data\Exp_grp,Done,255,0,0.5012165307998657,0.50121653,-11.732456806878966,0.02477856849002461,73,325,77,320,file:///C:/Users/Ajit/Documents/VS%20Code/Chemotaxis/Data/Exp_grp/image035.jpg,2048
-1,1606.0,2373376,3137536,0.0,0.0,0.046875,0.0,0.0625,1.328125,0.03125,image036.jpg,0,36,145,1,1532,36,b'eLsiyY47G00WtCv1jM30sgrSwUUczI1Ar4PsBpWBziiFIYiBKBDBngcywOEGpIGhaQcACgiE7Q==',bd182ea9f06ea1bf2a6d36c2fb6ff95f,file:///C:/Users/Ajit/Documents/VS%20Code/Chemotaxis/Data/Exp_grp/image036.jpg,0,0,0,0,0,0,0,0,0,C:\Users\Ajit\Documents\VS Code\Chemotaxis\Data\Exp_grp,Done,255,0,0.5014343857765198,0.5014344,-11.664019436763954,0.024747290211182438,79,313,110,350,file:///C:/Users/Ajit/Documents/VS%20Code/Chemotaxis/Data/Exp_grp/image036.jpg,2048
-1,1591.0,2373376,3137536,0.0,0.0,0.0625,0.0,0.09375,1.40625,0.15625,image037.jpg,0,37,145,1,1532,37,b'eLsiyY47G00WtCv1jM31sgrSwUUczI1Ar4PsBpWBziiFIYiBKBDBngcywOEGpIGhaQcAClWE7g==',1b72538ab7f36eaf51136500c90a5986,file:///C:/Users/Ajit/Documents/VS%20Code/Chemotaxis/Data/Exp_grp/image037.jpg,0,0,0,0,0,0,0,0,0,C:\Users\Ajit\Documents\VS Code\Chemotaxis\Data\Exp_grp,Done,255,0,0.5013599395751953,0.50135994,-11.793063554686167,0.02471548557517464,70,297,78,323,file:///C:/Users/Ajit/Documents/VS%20Code/Chemotaxis/Data/Exp_grp/image037.jpg,2048
-1,1631.0,2373376,3137536,0.0,0.0,0.0625,0.0,0.046875,1.4375,0.109375,image038.jpg,0,38,145,1,1532,38,b'eLsiyY47G00WtCv1jC30sgrSwUUczI1Ar4PsBpWBziiFIYiBKBDBngcywOEGpIGhaQcACqKE7w==',a61a7641c70c4af1238f2b689b036897,file:///C:/Users/Ajit/Documents/VS%20Code/Chemotaxis/Data/Exp_grp/image038.jpg,0,0,0,0,0,0,0,0,0,C:\Users\Ajit\Documents\VS Code\Chemotaxis\Data\Exp_grp,Done,255,0,0.5018543004989624,0.5018543,-11.815522973494385,0.024199786151922704,59,284,103,327,file:///C:/Users/Ajit/Documents/VS%20Code/Chemotaxis/Data/Exp_grp/image038.jpg,2048
-1,1622.0,2373376,3137536,0.0,0.0,0.046875,0.0,0.015625,1.171875,0.125,image039.jpg,0,39,145,1,1532,39,b'eLsiyY47G00WtCv1jC31sgrSwUUczI1Ar4PsBpWBziiFIYiBKBDBngcywOEGpIGhaQcACu+E8A==',afc5a0bf7c815bc23d825c9a02d404f9,file:///C:/Users/Ajit/Documents/VS%20Code/Chemotaxis/Data/Exp_grp/image039.jpg,0,0,0,0,0,0,0,0,0,C:\Users\Ajit\Documents\VS Code\Chemotaxis\Data\Exp_grp,Done,255,0,0.501943051815033,0.50194305,-11.777623609547966,0.02406301565538382,70,302,88,327,file:///C:/Users/Ajit/Documents/VS%20Code/Chemotaxis/Data/Exp_grp/image039.jpg,2048
-1,1605.0,2373376,3137536,0.0,0.0,0.078125,0.0,0.015625,1.390625,0.09375,image040.jpg,0,40,145,1,1532,40,b'eLsiyY47G00WtCv1TAz0sgrSwUUczI1Ar4PsBpWBziiFIYiBKBDBngcywOEGpIGhaQcACIiE6A==',919e60c4ba996308668aa9a1e3a3ed95,file:///C:/Users/Ajit/Documents/VS%20Code/Chemotaxis/Data/Exp_grp/image040.jpg,0,0,0,0,0,0,0,0,0,C:\Users\Ajit\Documents\VS Code\Chemotaxis\Data\Exp_grp,Done,255,0,0.504435658454895,0.50443566,-11.510475600557665,0.02411225055977875,67,286,78,337,file:///C:/Users/Ajit/Documents/VS%20Code/Chemotaxis/Data/Exp_grp/image040.jpg,2048
-1,1587.0,2373376,3137536,0.0,0.0,0.09375,0.0,0.0625,1.234375,0.078125,image041.jpg,0,41,145,1,1532,41,b'eLsiyY47G00WtCv1TAz1sgrSwUUczI1Ar4PsBpWBziiFIYiBKBDBngcywOEGpIGhaQcACNWE6Q==',5d560378acfd822a87dc00887716f680,file:///C:/Users/Ajit/Documents/VS%20Code/Chemotaxis/Data/Exp_grp/image041.jpg,0,0,0,0,0,0,0,0,0,C:\Users\Ajit\Documents\VS Code\Chemotaxis\Data\Exp_grp,Done,255,0,0.5043448209762573,0.5043448,-11.81588862156589,0.024394610881073985,62,309,90,318,file:///C:/Users/Ajit/Documents/VS%20Code/Chemotaxis/Data/Exp_grp/image041.jpg,2048
-1,1590.0,2373376,3137536,0.0,0.0,0.0625,0.0,0.015625,1.34375,0.09375,image042.jpg,0,42,145,1,1532,42,b'eLsiyY47G00WtCv1TIz0sgrSwUUczI1Ar4PsBpWBziiFIYiBKBDBngcywOEGpIGhaQcACSKE6g==',34056f24ca3fcb37091ebefbdd1d57f6,file:///C:/Users/Ajit/Documents/VS%20Code/Chemotaxis/Data/Exp_grp/image042.jpg,0,0,0,0,0,0,0,0,0,C:\Users\Ajit\Documents\VS Code\Chemotaxis\Data\Exp_grp,Done,255,0,0.5044544339179993,0.50445443,-11.74904935889902,0.024578645469892222,64,277,73,309,file:///C:/Users/Ajit/Documents/VS%20Code/Chemotaxis/Data/Exp_grp/image042.jpg,2048
-1,1580.0,2373376,3137536,0.0,0.0,0.015625,0.0,0.0625,1.28125,0.046875,image043.jpg,0,43,145,1,1532,43,b'eLsiyY47G00WtCv1TIz1sgrSwUUczI1Ar4PsBpWBziiFIYiBKBDBngcywOEGpIGhaQcACW+E6w==',2f4a59b62b40296d67e3f8f9e9d65cf6,file:///C:/Users/Ajit/Documents/VS%20Code/Chemotaxis/Data/Exp_grp/image043.jpg,0,0,0,0,0,0,0,0,0,C:\Users\Ajit\Documents\VS Code\Chemotaxis\Data\Exp_grp,Done,255,0,0.5047499537467957,0.50474995,-11.702680687391513,0.02454715869577389,64,294,100,311,file:///C:/Users/Ajit/Documents/VS%20Code/Chemotaxis/Data/Exp_grp/image043.jpg,2048
-1,1606.0,2373376,3137536,0.0,0.0,0.015625,0.0,0.0625,1.453125,0.078125,image044.jpg,0,44,145,1,1532,44,b'eLsiyY47G00WtCv1TEz0sgrSwUUczI1Ar4PsBpWBziiFIYiBKBDBngcywOEGpIGhaQcACbyE7A==',35a127792c708256f188600980b603eb,file:///C:/Users/Ajit/Documents/VS%20Code/Chemotaxis/Data/Exp_grp/image044.jpg,0,0,0,0,0,0,0,0,0,C:\Users\Ajit\Documents\VS Code\Chemotaxis\Data\Exp_grp,Done,255,0,0.5051632523536682,0.50516325,-11.628030548503592,0.024236677589884938,77,303,101,319,file:///C:/Users/Ajit/Documents/VS%20Code/Chemotaxis/Data/Exp_grp/image044.jpg,2048
-1,1609.0,2373376,3137536,0.0,0.0,0.078125,0.0,0.03125,1.171875,0.171875,image045.jpg,0,45,145,1,1532,45,b'eLsiyY47G00WtCv1TEz1sgrSwUUczI1Ar4PsBpWBziiFIYiBKBDBngcywOEGpIGhaQcACgmE7Q==',918dea8749f13cd60132bc729532a5c1,file:///C:/Users/Ajit/Documents/VS%20Code/Chemotaxis/Data/Exp_grp/image045.jpg,0,0,0,0,0,0,0,0,0,C:\Users\Ajit\Documents\VS Code\Chemotaxis\Data\Exp_grp,Done,255,0,0.5050668120384216,0.5050668,-11.644545900861846,0.024636103296128874,49,304,103,318,file:///C:/Users/Ajit/Documents/VS%20Code/Chemotaxis/Data/Exp_grp/image045.jpg,2048
-1,1639.0,2373376,3137536,0.0,0.0,0.0,0.0,0.03125,1.359375,0.140625,image046.jpg,0,46,145,1,1532,46,b'eLsiyY47G00WtCv1TMz0sgrSwUUczI1Ar4PsBpWBziiFIYiBKBDBngcywOEGpIGhaQcAClaE7g==',4f55dd9cd90d9a8273b4a33fadadc375,file:///C:/Users/Ajit/Documents/VS%20Code/Chemotaxis/Data/Exp_grp/image046.jpg,0,0,0,0,0,0,0,0,0,C:\Users\Ajit\Documents\VS Code\Chemotaxis\Data\Exp_grp,Done,255,0,0.5052990913391113,0.5052991,-11.460974775969689,0.024917151204813023,55,299,113,321,file:///C:/Users/Ajit/Documents/VS%20Code/Chemotaxis/Data/Exp_grp/image046.jpg,2048
-1,1656.0,2373376,3137536,0.0,0.0,0.046875,0.0,0.046875,1.25,0.15625,image047.jpg,0,47,145,1,1532,47,b'eLsiyY47G00WtCv1TMz1sgrSwUUczI1Ar4PsBpWBziiFIYiBKBDBngcywOEGpIGhaQcACqOE7w==',ba685be9c9edc9e1346a5353749298ab,file:///C:/Users/Ajit/Documents/VS%20Code/Chemotaxis/Data/Exp_grp/image047.jpg,0,0,0,0,0,0,0,0,0,C:\Users\Ajit\Documents\VS Code\Chemotaxis\Data\Exp_grp,Done,255,0,0.5047234296798706,0.5047234,-11.808829970021868,0.02500918041397042,62,301,81,330,file:///C:/Users/Ajit/Documents/VS%20Code/Chemotaxis/Data/Exp_grp/image047.jpg,2048
-1,1669.0,2373376,3137536,0.0,0.0,0.03125,0.0,0.0625,1.4375,0.109375,image048.jpg,0,48,145,1,1532,48,b'eLsiyY47G00WtCv1TCz0sgrSwUUczI1Ar4PsBpWBziiFIYiBKBDBngcywOEGpIGhaQcACvCE8A==',1e778a67d909a7c980a65724b0530d7f,file:///C:/Users/Ajit/Documents/VS%20Code/Chemotaxis/Data/Exp_grp/image048.jpg,0,0,0,0,0,0,0,0,0,C:\Users\Ajit\Documents\VS Code\Chemotaxis\Data\Exp_grp,Done,255,0,0.5053709745407104,0.505371,-11.562975552983612,0.024931285855835834,69,301,90,323,file:///C:/Users/Ajit/Documents/VS%20Code/Chemotaxis/Data/Exp_grp/image048.jpg,2048
-1,1673.0,2373376,3137536,0.0,0.0,0.03125,0.0,0.078125,1.421875,0.109375,image049.jpg,0,49,145,1,1532,49,b'eLsiyY47G00WtCv1TCz1sgrSwUUczI1Ar4PsBpWBziiFIYiBKBDBngcywOEGpIGhaQcACz2E8Q==',0ed88ef1b0e555ce9bec06a4a1e814e4,file:///C:/Users/Ajit/Documents/VS%20Code/Chemotaxis/Data/Exp_grp/image049.jpg,0,0,0,0,0,0,0,0,0,C:\Users\Ajit\Documents\VS Code\Chemotaxis\Data\Exp_grp,Done,255,0,0.5056928396224976,0.50569284,-11.663467616867484,0.024789526867394614,72,311,95,338,file:///C:/Users/Ajit/Documents/VS%20Code/Chemotaxis/Data/Exp_grp/image049.jpg,2048
-1,1671.0,2373376,3137536,0.0,0.0,0.015625,0.0,0.03125,1.296875,0.078125,image050.jpg,0,50,145,1,1532,50,b'eLsiyY47G00WtCv1TA30sgrSwUUczI1Ar4PsBpWBziiFIYiBKBDBngcywOEGpIGhaQcACNaE6Q==',879822fa620b022982678abe44fd5dd8,file:///C:/Users/Ajit/Documents/VS%20Code/Chemotaxis/Data/Exp_grp/image050.jpg,0,0,0,0,0,0,0,0,0,C:\Users\Ajit\Documents\VS Code\Chemotaxis\Data\Exp_grp,Done,255,0,0.5084077715873718,0.5084078,-11.455997402286473,0.024560982102496246,75,300,82,331,file:///C:/Users/Ajit/Documents/VS%20Code/Chemotaxis/Data/Exp_grp/image050.jpg,2048
-1,1652.0,2373376,3137536,0.0,0.0,0.03125,0.0,0.015625,1.296875,0.125,image051.jpg,0,51,145,1,1532,51,b'eLsiyY47G00WtCv1TA31sgrSwUUczI1Ar4PsBpWBziiFIYiBKBDBngcywOEGpIGhaQcACSOE6g==',e702277b0fafb6756ddc39ec8c9728e8,file:///C:/Users/Ajit/Documents/VS%20Code/Chemotaxis/Data/Exp_grp/image051.jpg,0,0,0,0,0,0,0,0,0,C:\Users\Ajit\Documents\VS Code\Chemotaxis\Data\Exp_grp,Done,255,0,0.5081107020378113,0.5081107,-11.80934440677244,0.024811321177026356,77,312,93,321,file:///C:/Users/Ajit/Documents/VS%20Code/Chemotaxis/Data/Exp_grp/image051.jpg,2048
-1,1698.0,2373376,3137536,0.0,0.0,0.03125,0.0,0.03125,1.25,0.15625,image052.jpg,0,52,145,1,1532,52,b'eLsiyY47G00WtCv1TI30sgrSwUUczI1Ar4PsBpWBziiFIYiBKBDBngcywOEGpIGhaQcACXCE6w==',3e11234de57b4418d9ccd86062b730d8,file:///C:/Users/Ajit/Documents/VS%20Code/Chemotaxis/Data/Exp_grp/image052.jpg,0,0,0,0,0,0,0,0,0,C:\Users\Ajit\Documents\VS Code\Chemotaxis\Data\Exp_grp,Done,255,0,0.5085834264755249,0.5085834,-11.640315497783426,0.02478053931843594,66,305,93,333,file:///C:/Users/Ajit/Documents/VS%20Code/Chemotaxis/Data/Exp_grp/image052.jpg,2048
-1,1653.0,2373376,3137536,0.0,0.0,0.03125,0.0,0.046875,1.53125,0.125,image053.jpg,0,53,145,1,1532,53,b'eLsiyY47G00WtCv1TI31sgrSwUUczI1Ar4PsBpWBziiFIYiBKBDBngcywOEGpIGhaQcACb2E7A==',0b00f0cc152adf76efd852ee044998b0,file:///C:/Users/Ajit/Documents/VS%20Code/Chemotaxis/Data/Exp_grp/image053.jpg,0,0,0,0,0,0,0,0,0,C:\Users\Ajit\Documents\VS Code\Chemotaxis\Data\Exp_grp,Done,255,0,0.5089963674545288,0.50899637,-11.69992672098246,0.024858467974723922,66,340,91,329,file:///C:/Users/Ajit/Documents/VS%20Code/Chemotaxis/Data/Exp_grp/image053.jpg,2048
-1,1707.0,2373376,3137536,0.0,0.0,0.046875,0.0,0.109375,1.34375,0.140625,image054.jpg,0,54,145,1,1532,54,b'eLsiyY47G00WtCv1TE30sgrSwUUczI1Ar4PsBpWBziiFIYiBKBDBngcywOEGpIGhaQcACgqE7Q==',08a5e0055cc60de108908759a6c90833,file:///C:/Users/Ajit/Documents/VS%20Code/Chemotaxis/Data/Exp_grp/image054.jpg,0,0,0,0,0,0,0,0,0,C:\Users\Ajit\Documents\VS Code\Chemotaxis\Data\Exp_grp,Done,255,0,0.5091366171836853,0.5091366,-11.563703513414104,0.025024212311802674,57,302,71,335,file:///C:/Users/Ajit/Documents/VS%20Code/Chemotaxis/Data/Exp_grp/image054.jpg,2048
-1,1732.0,2373376,3137536,0.0,0.0,0.03125,0.0,0.015625,1.265625,0.078125,image055.jpg,0,55,145,1,1532,55,b'eLsiyY47G00WtCv1TE31sgrSwUUczI1Ar4PsBpWBziiFIYiBKBDBngcywOEGpIGhaQcACleE7g==',0d6a6f6f660c16c7a1f6dc05e6220fad,file:///C:/Users/Ajit/Documents/VS%20Code/Chemotaxis/Data/Exp_grp/image055.jpg,0,0,0,0,0,0,0,0,0,C:\Users\Ajit\Documents\VS Code\Chemotaxis\Data\Exp_grp,Done,255,0,0.5084915161132812,0.5084915,-11.91741287784254,0.024909647116582084,73,293,97,339,file:///C:/Users/Ajit/Documents/VS%20Code/Chemotaxis/Data/Exp_grp/image055.jpg,2048
-1,1702.0,2373376,3137536,0.0,0.0,0.046875,0.0,0.03125,1.546875,0.046875,image056.jpg,0,56,145,1,1532,56,b'eLsiyY47G00WtCv1TM30sgrSwUUczI1Ar4PsBpWBziiFIYiBKBDBngcywOEGpIGhaQcACqSE7w==',fe0f43dbc630380f6124223750dcfa69,file:///C:/Users/Ajit/Documents/VS%20Code/Chemotaxis/Data/Exp_grp/image056.jpg,0,0,0,0,0,0,0,0,0,C:\Users\Ajit\Documents\VS Code\Chemotaxis\Data\Exp_grp,Done,255,0,0.5090852379798889,0.50908524,-11.725487329327528,0.025213137218980705,75,316,97,334,file:///C:/Users/Ajit/Documents/VS%20Code/Chemotaxis/Data/Exp_grp/image056.jpg,2048
-1,1729.0,2373376,3137536,0.0,0.0,0.046875,0.0,0.03125,1.1875,0.078125,image057.jpg,0,57,145,1,1532,57,b'eLsiyY47G00WtCv1TM31sgrSwUUczI1Ar4PsBpWBziiFIYiBKBDBngcywOEGpIGhaQcACvGE8A==',a45d1b8193794f4ed716b9953ee3c595,file:///C:/Users/Ajit/Documents/VS%20Code/Chemotaxis/Data/Exp_grp/image057.jpg,0,0,0,0,0,0,0,0,0,C:\Users\Ajit\Documents\VS Code\Chemotaxis\Data\Exp_grp,Done,255,0,0.5090852975845337,0.5090853,-11.794240987564335,0.025136456861483383,59,292,85,347,file:///C:/Users/Ajit/Documents/VS%20Code/Chemotaxis/Data/Exp_grp/image057.jpg,2048
-1,1699.0,2373376,3137536,0.0,0.0,0.03125,0.0,0.0625,1.578125,0.109375,image058.jpg,0,58,145,1,1532,58,b'eLsiyY47G00WtCv1TC30sgrSwUUczI1Ar4PsBpWBziiFIYiBKBDBngcywOEGpIGhaQcACz6E8Q==',02b462bf769237c7c2266bbe121b5aee,file:///C:/Users/Ajit/Documents/VS%20Code/Chemotaxis/Data/Exp_grp/image058.jpg,0,0,0,0,0,0,0,0,0,C:\Users\Ajit\Documents\VS Code\Chemotaxis\Data\Exp_grp,Done,255,0,0.5095439553260803,0.50954396,-11.9253020085828,0.025140255065930688,65,320,87,342,file:///C:/Users/Ajit/Documents/VS%20Code/Chemotaxis/Data/Exp_grp/image058.jpg,2048
-1,1699.0,2373376,3137536,0.0,0.0,0.046875,0.0,0.078125,1.125,0.078125,image059.jpg,0,59,145,1,1532,59,b'eLsiyY47G00WtCv1TC31sgrSwUUczI1Ar4PsBpWBziiFIYiBKBDBngcywOEGpIGhaQcAC4uE8g==',00ea98bd3e7f5dcf3ce6b0e0120d4230,file:///C:/Users/Ajit/Documents/VS%20Code/Chemotaxis/Data/Exp_grp/image059.jpg,0,0,0,0,0,0,0,0,0,C:\Users\Ajit\Documents\VS Code\Chemotaxis\Data\Exp_grp,Done,255,0,0.5123491883277893,0.5123492,-11.501603067785592,0.025118060876577135,70,332,87,342,file:///C:/Users/Ajit/Documents/VS%20Code/Chemotaxis/Data/Exp_grp/image059.jpg,2048
-1,1718.0,2373376,3137536,0.0,0.0,0.09375,0.0,0.03125,1.3125,0.109375,image060.jpg,0,60,145,1,1532,60,b'eLsiyY47G00WtCv1zAz0sgrSwUUczI1Ar4PsBpWBziiFIYiBKBDBngcywOEGpIGhaQcACSSE6g==',2b9a1a268cfb9658f8d9c58be8135ee2,file:///C:/Users/Ajit/Documents/VS%20Code/Chemotaxis/Data/Exp_grp/image060.jpg,0,0,0,0,0,0,0,0,0,C:\Users\Ajit\Documents\VS Code\Chemotaxis\Data\Exp_grp,Done,255,0,0.5118997097015381,0.5118997,-11.89726642250059,0.02529711895193949,63,312,88,342,file:///C:/Users/Ajit/Documents/VS%20Code/Chemotaxis/Data/Exp_grp/image060.jpg,2048
-1,1740.0,2373376,3137536,0.0,0.0,0.03125,0.0,0.046875,1.46875,0.0625,image061.jpg,0,61,145,1,1532,61,b'eLsiyY47G00WtCv1zAz1sgrSwUUczI1Ar4PsBpWBziiFIYiBKBDBngcywOEGpIGhaQcACXGE6w==',68cf621f23cb48e3833f8a71f92806af,file:///C:/Users/Ajit/Documents/VS%20Code/Chemotaxis/Data/Exp_grp/image061.jpg,0,0,0,0,0,0,0,0,0,C:\Users\Ajit\Documents\VS Code\Chemotaxis\Data\Exp_grp,Done,255,0,0.5095322132110596,0.5095322,-11.868794799437884,0.025198547446240897,59,324,97,353,file:///C:/Users/Ajit/Documents/VS%20Code/Chemotaxis/Data/Exp_grp/image061.jpg,2048
-1,1693.0,2373376,3137536,0.0,0.0,0.015625,0.0,0.03125,1.671875,0.109375,image062.jpg,0,62,145,1,1532,62,b'eLsiyY47G00WtCv1zIz0sgrSwUUczI1Ar4PsBpWBziiFIYiBKBDBngcywOEGpIGhaQcACb6E7A==',8cc2c849d6a387b6b2706dd564813ad5,file:///C:/Users/Ajit/Documents/VS%20Code/Chemotaxis/Data/Exp_grp/image062.jpg,0,0,0,0,0,0,0,0,0,C:\Users\Ajit\Documents\VS Code\Chemotaxis\Data\Exp_grp,Done,255,0,0.5095416903495789,0.5095417,-11.93004621729613,0.02487560024878225,75,317,79,360,file:///C:/Users/Ajit/Documents/VS%20Code/Chemotaxis/Data/Exp_grp/image062.jpg,2048
-1,1717.0,2373376,3137536,0.0,0.0,0.0625,0.0,0.0,1.375,0.125,image063.jpg,0,63,145,1,1532,63,b'eLsiyY47G00WtCv1zIz1sgrSwUUczI1Ar4PsBpWBziiFIYiBKBDBngcywOEGpIGhaQcACguE7Q==',aa3455b7d02b6a2c1521bb52158fd2a2,file:///C:/Users/Ajit/Documents/VS%20Code/Chemotaxis/Data/Exp_grp/image063.jpg,0,0,0,0,0,0,0,0,0,C:\Users\Ajit\Documents\VS Code\Chemotaxis\Data\Exp_grp,Done,255,0,0.5094997882843018,0.5094998,-11.649589490151577,0.024972542411802006,63,318,93,348,file:///C:/Users/Ajit/Documents/VS%20Code/Chemotaxis/Data/Exp_grp/image063.jpg,2048
-1,1708.0,2373376,3137536,0.0,0.0,0.046875,0.0,0.0625,1.421875,0.046875,image064.jpg,0,64,145,1,1532,64,b'eLsiyY47G00WtCv1zEz0sgrSwUUczI1Ar4PsBpWBziiFIYiBKBDBngcywOEGpIGhaQcACliE7g==',6dad5589bab42d11ba9c11bbd43a5d01,file:///C:/Users/Ajit/Documents/VS%20Code/Chemotaxis/Data/Exp_grp/image064.jpg,0,0,0,0,0,0,0,0,0,C:\Users\Ajit\Documents\VS Code\Chemotaxis\Data\Exp_grp,Done,255,0,0.5096713900566101,0.5096714,-11.754554209637647,0.02482160823105908,69,320,91,336,file:///C:/Users/Ajit/Documents/VS%20Code/Chemotaxis/Data/Exp_grp/image064.jpg,2048
-1,1789.0,2373376,3137536,0.0,0.0,0.03125,0.0,0.015625,1.40625,0.078125,image065.jpg,0,65,145,1,1532,65,b'eLsiyY47G00WtCv1zEz1sgrSwUUczI1Ar4PsBpWBziiFIYiBKBDBngcywOEGpIGhaQcACqWE7w==',490e8c8760fa22f2c29f712703cd6698,file:///C:/Users/Ajit/Documents/VS%20Code/Chemotaxis/Data/Exp_grp/image065.jpg,0,0,0,0,0,0,0,0,0,C:\Users\Ajit\Documents\VS Code\Chemotaxis\Data\Exp_grp,Done,255,0,0.5121999382972717,0.51219994,-11.763618756490501,0.024812499545117658,50,334,75,354,file:///C:/Users/Ajit/Documents/VS%20Code/Chemotaxis/Data/Exp_grp/image065.jpg,2048
-1,1714.0,2373376,3137536,0.0,0.0,0.03125,0.0,0.0625,1.40625,0.078125,image066.jpg,0,66,145,1,1532,66,b'eLsiyY47G00WtCv1zMz0sgrSwUUczI1Ar4PsBpWBziiFIYiBKBDBngcywOEGpIGhaQcACvKE8A==',6239b32470b6749a99d54d19c146c7e7,file:///C:/Users/Ajit/Documents/VS%20Code/Chemotaxis/Data/Exp_grp/image066.jpg,0,0,0,0,0,0,0,0,0,C:\Users\Ajit\Documents\VS Code\Chemotaxis\Data\Exp_grp,Done,255,0,0.512119710445404,0.5121197,-11.865763283183,0.02486415962940966,71,338,74,338,file:///C:/Users/Ajit/Documents/VS%20Code/Chemotaxis/Data/Exp_grp/image066.jpg,2048
-1,1721.0,2373376,3137536,0.0,0.0,0.03125,0.0,0.0625,1.1875,0.109375,image067.jpg,0,67,145,1,1532,67,b'eLsiyY47G00WtCv1zMz1sgrSwUUczI1Ar4PsBpWBziiFIYiBKBDBngcywOEGpIGhaQcACz+E8Q==',96793ca70d00151136329c8189050409,file:///C:/Users/Ajit/Documents/VS%20Code/Chemotaxis/Data/Exp_grp/image067.jpg,0,0,0,0,0,0,0,0,0,C:\Users\Ajit\Documents\VS Code\Chemotaxis\Data\Exp_grp,Done,255,0,0.5125134587287903,0.51251346,-11.89224323390349,0.02517795215462472,58,323,88,320,file:///C:/Users/Ajit/Documents/VS%20Code/Chemotaxis/Data/Exp_grp/image067.jpg,2048
-1,1728.0,2373376,3137536,0.0,0.0,0.109375,0.0,0.078125,1.46875,0.140625,image068.jpg,0,68,145,1,1532,68,b'eLsiyY47G00WtCv1zCz0sgrSwUUczI1Ar4PsBpWBziiFIYiBKBDBngcywOEGpIGhaQcAC4yE8g==',1e575cc68e5ef8e950e93cc6a9f0d0aa,file:///C:/Users/Ajit/Documents/VS%20Code/Chemotaxis/Data/Exp_grp/image068.jpg,0,0,0,0,0,0,0,0,0,C:\Users\Ajit\Documents\VS Code\Chemotaxis\Data\Exp_grp,Done,255,0,0.513258159160614,0.51325816,-11.404632142640203,0.02555368187602871,57,304,72,337,file:///C:/Users/Ajit/Documents/VS%20Code/Chemotaxis/Data/Exp_grp/image068.jpg,2048
-1,1762.0,2373376,3137536,0.0,0.0,0.015625,0.0,0.03125,1.171875,0.046875,image069.jpg,0,69,145,1,1532,69,b'eLsiyY47G00WtCv1zCz1sgrSwUUczI1Ar4PsBpWBziiFIYiBKBDBngcywOEGpIGhaQcAC9mE8w==',5254a34fbc3255e2cc43fca94f4a6854,file:///C:/Users/Ajit/Documents/VS%20Code/Chemotaxis/Data/Exp_grp/image069.jpg,0,0,0,0,0,0,0,0,0,C:\Users\Ajit\Documents\VS Code\Chemotaxis\Data\Exp_grp,Done,255,0,0.5131701827049255,0.5131702,-11.661648367355426,0.025192901361727648,69,319,96,340,file:///C:/Users/Ajit/Documents/VS%20Code/Chemotaxis/Data/Exp_grp/image069.jpg,2048
-1,1794.0,2373376,3137536,0.0,0.0,0.03125,0.0,0.015625,1.375,0.109375,image070.jpg,0,70,145,1,1532,70,b'eLsiyY47G00WtCv1zA30sgrSwUUczI1Ar4PsBpWBziiFIYiBKBDBngcywOEGpIGhaQcACXKE6w==',932807305afb738e78698e113170c042,file:///C:/Users/Ajit/Documents/VS%20Code/Chemotaxis/Data/Exp_grp/image070.jpg,0,0,0,0,0,0,0,0,0,C:\Users\Ajit\Documents\VS Code\Chemotaxis\Data\Exp_grp,Done,255,0,0.5129874348640442,0.51298743,-11.761903553556305,0.024990364071951137,72,311,83,336,file:///C:/Users/Ajit/Documents/VS%20Code/Chemotaxis/Data/Exp_grp/image070.jpg,2048
-1,1782.0,2373376,3137536,0.0,0.0,0.046875,0.0,0.03125,1.21875,0.140625,image071.jpg,0,71,145,1,1532,71,b'eLsiyY47G00WtCv1zA31sgrSwUUczI1Ar4PsBpWBziiFIYiBKBDBngcywOEGpIGhaQcACb+E7A==',7f81c8d218033a02c54f0f71784fc6c1,file:///C:/Users/Ajit/Documents/VS%20Code/Chemotaxis/Data/Exp_grp/image071.jpg,0,0,0,0,0,0,0,0,0,C:\Users\Ajit\Documents\VS Code\Chemotaxis\Data\Exp_grp,Done,255,0,0.5131151676177979,0.51311517,-11.799257000728316,0.024689512323659357,65,344,91,333,file:///C:/Users/Ajit/Documents/VS%20Code/Chemotaxis/Data/Exp_grp/image071.jpg,2048
-1,1787.0,2373376,3137536,0.0,0.0,0.03125,0.0,0.03125,1.328125,0.09375,image072.jpg,0,72,145,1,1532,72,b'eLsiyY47G00WtCv1zI30sgrSwUUczI1Ar4PsBpWBziiFIYiBKBDBngcywOEGpIGhaQcACgyE7Q==',05ddad58c58aa6a8749afef0a3e9f420,file:///C:/Users/Ajit/Documents/VS%20Code/Chemotaxis/Data/Exp_grp/image072.jpg,0,0,0,0,0,0,0,0,0,C:\Users\Ajit\Documents\VS Code\Chemotaxis\Data\Exp_grp,Done,255,0,0.5160912871360779,0.5160913,-11.217950057585654,0.02486022996983667,66,336,79,342,file:///C:/Users/Ajit/Documents/VS%20Code/Chemotaxis/Data/Exp_grp/image072.jpg,2048
-1,1807.0,2373376,3137536,0.0,0.0,0.03125,0.0,0.03125,1.6875,0.140625,image073.jpg,0,73,145,1,1532,73,b'eLsiyY47G00WtCv1zI31sgrSwUUczI1Ar4PsBpWBziiFIYiBKBDBngcywOEGpIGhaQcAClmE7g==',29d232da9a6d0c3d98275eafacd0db1b,file:///C:/Users/Ajit/Documents/VS%20Code/Chemotaxis/Data/Exp_grp/image073.jpg,0,0,0,0,0,0,0,0,0,C:\Users\Ajit\Documents\VS Code\Chemotaxis\Data\Exp_grp,Done,255,0,0.5163066387176514,0.51630664,-11.382282176381269,0.025127441915629517,59,342,86,346,file:///C:/Users/Ajit/Documents/VS%20Code/Chemotaxis/Data/Exp_grp/image073.jpg,2048
-1,1796.0,2373376,3137536,0.0,0.0,0.03125,0.0,0.015625,1.6875,0.109375,image074.jpg,0,74,145,1,1532,74,b'eLsiyY47G00WtCv1zE30sgrSwUUczI1Ar4PsBpWBziiFIYiBKBDBngcywOEGpIGhaQcACqaE7w==',4d234ce063de11bc881a80c8b48af04d,file:///C:/Users/Ajit/Documents/VS%20Code/Chemotaxis/Data/Exp_grp/image074.jpg,0,0,0,0,0,0,0,0,0,C:\Users\Ajit\Documents\VS Code\Chemotaxis\Data\Exp_grp,Done,255,0,0.5137080550193787,0.51370806,-11.671248426278286,0.02521911290634296,75,337,90,338,file:///C:/Users/Ajit/Documents/VS%20Code/Chemotaxis/Data/Exp_grp/image074.jpg,2048
-1,1838.0,2373376,3137536,0.0,0.0,0.015625,0.0,0.0625,1.4375,0.09375,image075.jpg,0,75,145,1,1532,75,b'eLsiyY47G00WtCv1zE31sgrSwUUczI1Ar4PsBpWBziiFIYiBKBDBngcywOEGpIGhaQcACvOE8A==',04c9c9d138f5057a50448da305111d54,file:///C:/Users/Ajit/Documents/VS%20Code/Chemotaxis/Data/Exp_grp/image075.jpg,0,0,0,0,0,0,0,0,0,C:\Users\Ajit\Documents\VS Code\Chemotaxis\Data\Exp_grp,Done,255,0,0.5134087204933167,0.5134087,-11.77280452643258,0.02481650117283786,60,347,107,349,file:///C:/Users/Ajit/Documents/VS%20Code/Chemotaxis/Data/Exp_grp/image075.jpg,2048
-1,1821.0,2373376,3137536,0.0,0.0,0.046875,0.0,0.046875,1.25,0.078125,image076.jpg,0,76,145,1,1532,76,b'eLsiyY47G00WtCv1zM30sgrSwUUczI1Ar4PsBpWBziiFIYiBKBDBngcywOEGpIGhaQcAC0CE8Q==',f7d47d165c694c51d00e9cbe48e77ae4,file:///C:/Users/Ajit/Documents/VS%20Code/Chemotaxis/Data/Exp_grp/image076.jpg,0,0,0,0,0,0,0,0,0,C:\Users\Ajit\Documents\VS Code\Chemotaxis\Data\Exp_grp,Done,255,0,0.5163189172744751,0.5163189,-11.367611889723023,0.025118314419024047,52,345,71,344,file:///C:/Users/Ajit/Documents/VS%20Code/Chemotaxis/Data/Exp_grp/image076.jpg,2048
-1,1851.0,2373376,3137536,0.0,0.0,0.015625,0.0,0.046875,1.5,0.09375,image077.jpg,0,77,145,1,1532,77,b'eLsiyY47G00WtCv1zM31sgrSwUUczI1Ar4PsBpWBziiFIYiBKBDBngcywOEGpIGhaQcAC42E8g==',3d7fd730abeb1fe019c87861f81c79e8,file:///C:/Users/Ajit/Documents/VS%20Code/Chemotaxis/Data/Exp_grp/image077.jpg,0,0,0,0,0,0,0,0,0,C:\Users\Ajit\Documents\VS Code\Chemotaxis\Data\Exp_grp,Done,255,0,0.5158324241638184,0.5158324,-11.543652613090362,0.025287945137043823,48,308,79,354,file:///C:/Users/Ajit/Documents/VS%20Code/Chemotaxis/Data/Exp_grp/image077.jpg,2048
-1,1828.0,2373376,3137536,0.0,0.0,0.046875,0.0,0.078125,1.390625,0.0625,image078.jpg,0,78,145,1,1532,78,b'eLsiyY47G00WtCv1zC30sgrSwUUczI1Ar4PsBpWBziiFIYiBKBDBngcywOEGpIGhaQcAC9qE8w==',1f2ad47e61efc646b9b48eb26be3cdd2,file:///C:/Users/Ajit/Documents/VS%20Code/Chemotaxis/Data/Exp_grp/image078.jpg,0,0,0,0,0,0,0,0,0,C:\Users\Ajit\Documents\VS Code\Chemotaxis\Data\Exp_grp,Done,255,0,0.517210066318512,0.51721007,-10.835707321932983,0.025407845823254362,77,335,65,336,file:///C:/Users/Ajit/Documents/VS%20Code/Chemotaxis/Data/Exp_grp/image078.jpg,2048
-1,1842.0,2373376,3137536,0.0,0.0,0.015625,0.0,0.046875,1.40625,0.15625,image079.jpg,0,79,145,1,1532,79,b'eLsiyY47G00WtCv1zC31sgrSwUUczI1Ar4PsBpWBziiFIYiBKBDBngcywOEGpIGhaQcADCeE9A==',1c837a19ee0b868d401dc75d262f5850,file:///C:/Users/Ajit/Documents/VS%20Code/Chemotaxis/Data/Exp_grp/image079.jpg,0,0,0,0,0,0,0,0,0,C:\Users\Ajit\Documents\VS Code\Chemotaxis\Data\Exp_grp,Done,255,0,0.5164615511894226,0.51646155,-11.644224162447987,0.02559269576060896,58,346,91,343,file:///C:/Users/Ajit/Documents/VS%20Code/Chemotaxis/Data/Exp_grp/image079.jpg,2048
-1,1870.0,2373376,3137536,0.0,0.0,0.0625,0.0,0.03125,1.609375,0.09375,image080.jpg,0,80,145,1,1532,80,b'eLsiyY47G00WtCv1LAz0sgrSwUUczI1Ar4PsBpWBziiFIYiBKBDBngcywOEGpIGhaQcACcCE7A==',aaf50224c40d0bf83d4aa8959067a6e9,file:///C:/Users/Ajit/Documents/VS%20Code/Chemotaxis/Data/Exp_grp/image080.jpg,0,0,0,0,0,0,0,0,0,C:\Users\Ajit\Documents\VS Code\Chemotaxis\Data\Exp_grp,Done,255,0,0.5159722566604614,0.51597226,-11.804797115797795,0.02555865191893413,58,345,87,339,file:///C:/Users/Ajit/Documents/VS%20Code/Chemotaxis/Data/Exp_grp/image080.jpg,2048
-1,1858.0,2373376,3137536,0.0,0.0,0.015625,0.0,0.0625,1.359375,0.140625,image081.jpg,0,81,145,1,1532,81,b'eLsiyY47G00WtCv1LAz1sgrSwUUczI1Ar4PsBpWBziiFIYiBKBDBngcywOEGpIGhaQcACg2E7Q==',14a168d774a21285f5adfba6c5a7fa8e,file:///C:/Users/Ajit/Documents/VS%20Code/Chemotaxis/Data/Exp_grp/image081.jpg,0,0,0,0,0,0,0,0,0,C:\Users\Ajit\Documents\VS Code\Chemotaxis\Data\Exp_grp,Done,255,0,0.5172379612922668,0.51723796,-10.882938659894672,0.025873033487885243,57,347,76,344,file:///C:/Users/Ajit/Documents/VS%20Code/Chemotaxis/Data/Exp_grp/image081.jpg,2048
-1,1853.0,2373376,3137536,0.0,0.0,0.03125,0.0,0.078125,1.703125,0.0625,image082.jpg,0,82,145,1,1532,82,b'eLsiyY47G00WtCv1LIz0sgrSwUUczI1Ar4PsBpWBziiFIYiBKBDBngcywOEGpIGhaQcAClqE7g==',11efbd3e021eb22bfcd0515605bd6a44,file:///C:/Users/Ajit/Documents/VS%20Code/Chemotaxis/Data/Exp_grp/image082.jpg,0,0,0,0,0,0,0,0,0,C:\Users\Ajit\Documents\VS Code\Chemotaxis\Data\Exp_grp,Done,255,0,0.5168465971946716,0.5168466,-11.165006686888162,0.025990424777187576,73,354,92,332,file:///C:/Users/Ajit/Documents/VS%20Code/Chemotaxis/Data/Exp_grp/image082.jpg,2048
-1,1870.0,2373376,3137536,0.0,0.0,0.03125,0.0,0.015625,1.296875,0.09375,image083.jpg,0,83,145,1,1532,83,b'eLsiyY47G00WtCv1LIz1sgrSwUUczI1Ar4PsBpWBziiFIYiBKBDBngcywOEGpIGhaQcACqeE7w==',e78b4363032143de4f105cea0bf658fe,file:///C:/Users/Ajit/Documents/VS%20Code/Chemotaxis/Data/Exp_grp/image083.jpg,0,0,0,0,0,0,0,0,0,C:\Users\Ajit\Documents\VS Code\Chemotaxis\Data\Exp_grp,Done,255,0,0.516510009765625,0.51651,-11.498157966508769,0.025725438067517453,64,332,80,345,file:///C:/Users/Ajit/Documents/VS%20Code/Chemotaxis/Data/Exp_grp/image083.jpg,2048
-1,1889.0,2373376,3137536,0.0,0.0,0.046875,0.0,0.0625,1.40625,0.03125,image084.jpg,0,84,145,1,1532,84,b'eLsiyY47G00WtCv1LEz0sgrSwUUczI1Ar4PsBpWBziiFIYiBKBDBngcywOEGpIGhaQcACvSE8A==',a2d7b25b7a7a21de64a782364db4d832,file:///C:/Users/Ajit/Documents/VS%20Code/Chemotaxis/Data/Exp_grp/image084.jpg,0,0,0,0,0,0,0,0,0,C:\Users\Ajit\Documents\VS Code\Chemotaxis\Data\Exp_grp,Done,255,0,0.5171316862106323,0.5171317,-11.443743336793833,0.025897322044774865,84,346,108,332,file:///C:/Users/Ajit/Documents/VS%20Code/Chemotaxis/Data/Exp_grp/image084.jpg,2048
-1,1889.0,2373376,3137536,0.0,0.0,0.0625,0.0,0.0625,1.53125,0.125,image085.jpg,0,85,145,1,1532,85,b'eLsiyY47G00WtCv1LEz1sgrSwUUczI1Ar4PsBpWBziiFIYiBKBDBngcywOEGpIGhaQcAC0GE8Q==',4222a9c517a5029fcdd95769b0a915cd,file:///C:/Users/Ajit/Documents/VS%20Code/Chemotaxis/Data/Exp_grp/image085.jpg,0,0,0,0,0,0,0,0,0,C:\Users\Ajit\Documents\VS Code\Chemotaxis\Data\Exp_grp,Done,255,0,0.5175902247428894,0.5175902,-11.231139949322303,0.02576096312111466,60,355,85,335,file:///C:/Users/Ajit/Documents/VS%20Code/Chemotaxis/Data/Exp_grp/image085.jpg,2048
-1,1902.0,2373376,3137536,0.0,0.0,0.0625,0.0,0.046875,1.1875,0.125,image086.jpg,0,86,145,1,1532,86,b'eLsiyY47G00WtCv1LMz0sgrSwUUczI1Ar4PsBpWBziiFIYiBKBDBngcywOEGpIGhaQcAC46E8g==',c7aea792d5790ddce0bcd7148fc37ac7,file:///C:/Users/Ajit/Documents/VS%20Code/Chemotaxis/Data/Exp_grp/image086.jpg,0,0,0,0,0,0,0,0,0,C:\Users\Ajit\Documents\VS Code\Chemotaxis\Data\Exp_grp,Done,255,0,0.5169447064399719,0.5169447,-11.637020946634923,0.025745426933630834,80,368,102,352,file:///C:/Users/Ajit/Documents/VS%20Code/Chemotaxis/Data/Exp_grp/image086.jpg,2048
-1,1835.0,2373376,3137536,0.0,0.0,0.046875,0.0,0.015625,1.484375,0.125,image087.jpg,0,87,145,1,1532,87,b'eLsiyY47G00WtCv1LMz1sgrSwUUczI1Ar4PsBpWBziiFIYiBKBDBngcywOEGpIGhaQcAC9uE8w==',95f26ad38fc7dfc29de28f4e64096ed8,file:///C:/Users/Ajit/Documents/VS%20Code/Chemotaxis/Data/Exp_grp/image087.jpg,0,0,0,0,0,0,0,0,0,C:\Users\Ajit\Documents\VS Code\Chemotaxis\Data\Exp_grp,Done,255,0,0.5168818235397339,0.5168818,-11.671208476569369,0.025956734337782877,84,366,72,333,file:///C:/Users/Ajit/Documents/VS%20Code/Chemotaxis/Data/Exp_grp/image087.jpg,2048
-1,1874.0,2373376,3137536,0.0,0.0,0.03125,0.0,0.078125,1.546875,0.0625,image088.jpg,0,88,145,1,1532,88,b'eLsiyY47G00WtCv1LCz0sgrSwUUczI1Ar4PsBpWBziiFIYiBKBDBngcywOEGpIGhaQcADCiE9A==',4fa23a8d666ad15c938a4e08a4c07563,file:///C:/Users/Ajit/Documents/VS%20Code/Chemotaxis/Data/Exp_grp/image088.jpg,0,0,0,0,0,0,0,0,0,C:\Users\Ajit\Documents\VS Code\Chemotaxis\Data\Exp_grp,Done,255,0,0.5196486711502075,0.5196487,-11.48399696464056,0.025601921650062233,62,328,103,338,file:///C:/Users/Ajit/Documents/VS%20Code/Chemotaxis/Data/Exp_grp/image088.jpg,2048
-1,1851.0,2373376,3137536,0.0,0.0,0.03125,0.0,0.03125,1.34375,0.0625,image089.jpg,0,89,145,1,1532,89,b'eLsiyY47G00WtCv1LCz1sgrSwUUczI1Ar4PsBpWBziiFIYiBKBDBngcywOEGpIGhaQcADHWE9Q==',b861af589f64111f7dd9255b86dba135,file:///C:/Users/Ajit/Documents/VS%20Code/Chemotaxis/Data/Exp_grp/image089.jpg,0,0,0,0,0,0,0,0,0,C:\Users\Ajit\Documents\VS Code\Chemotaxis\Data\Exp_grp,Done,255,0,0.5199053287506104,0.5199053,-11.431050085596151,0.02573027838640925,65,348,74,331,file:///C:/Users/Ajit/Documents/VS%20Code/Chemotaxis/Data/Exp_grp/image089.jpg,2048
-1,1899.0,2373376,3137536,0.0,0.0,0.03125,0.0,0.015625,1.71875,0.09375,image090.jpg,0,90,145,1,1532,90,b'eLsiyY47G00WtCv1LA30sgrSwUUczI1Ar4PsBpWBziiFIYiBKBDBngcywOEGpIGhaQcACg6E7Q==',8064975a39af6db8f1812df90d6f8380,file:///C:/Users/Ajit/Documents/VS%20Code/Chemotaxis/Data/Exp_grp/image090.jpg,0,0,0,0,0,0,0,0,0,C:\Users\Ajit\Documents\VS Code\Chemotaxis\Data\Exp_grp,Done,255,0,0.5173918604850769,0.51739186,-11.83085701337271,0.025530033178906338,75,334,105,335,file:///C:/Users/Ajit/Documents/VS%20Code/Chemotaxis/Data/Exp_grp/image090.jpg,2048
-1,1933.0,2373376,3137536,0.0,0.0,0.015625,0.0,0.0625,1.5,0.109375,image091.jpg,0,91,145,1,1532,91,b'eLsiyY47G00WtCv1LA31sgrSwUUczI1Ar4PsBpWBziiFIYiBKBDBngcywOEGpIGhaQcACluE7g==',98dbcafcabce973d997fec8614ec4b8e,file:///C:/Users/Ajit/Documents/VS%20Code/Chemotaxis/Data/Exp_grp/image091.jpg,0,0,0,0,0,0,0,0,0,C:\Users\Ajit\Documents\VS Code\Chemotaxis\Data\Exp_grp,Done,255,0,0.517475962638855,0.51747596,-11.837625081872876,0.02530230887193429,76,331,111,342,file:///C:/Users/Ajit/Documents/VS%20Code/Chemotaxis/Data/Exp_grp/image091.jpg,2048
-1,1926.0,2373376,3137536,0.0,0.0,0.046875,0.0,0.015625,1.5,0.109375,image092.jpg,0,92,145,1,1532,92,b'eLsiyY47G00WtCv1LI30sgrSwUUczI1Ar4PsBpWBziiFIYiBKBDBngcywOEGpIGhaQcACqiE7w==',2e61aa187b17eaf2bf95f9694985a305,file:///C:/Users/Ajit/Documents/VS%20Code/Chemotaxis/Data/Exp_grp/image092.jpg,0,0,0,0,0,0,0,0,0,C:\Users\Ajit\Documents\VS Code\Chemotaxis\Data\Exp_grp,Done,255,0,0.5200729370117188,0.52007294,-11.623830142756013,0.025585648602337255,82,363,90,336,file:///C:/Users/Ajit/Documents/VS%20Code/Chemotaxis/Data/Exp_grp/image092.jpg,2048
-1,1867.0,2373376,3137536,0.0,0.0,0.046875,0.0,0.046875,1.5,0.125,image093.jpg,0,93,145,1,1532,93,b'eLsiyY47G00WtCv1LI31sgrSwUUczI1Ar4PsBpWBziiFIYiBKBDBngcywOEGpIGhaQcACvWE8A==',b1f4e8ed103359f608aad92460386cd0,file:///C:/Users/Ajit/Documents/VS%20Code/Chemotaxis/Data/Exp_grp/image093.jpg,0,0,0,0,0,0,0,0,0,C:\Users\Ajit\Documents\VS Code\Chemotaxis\Data\Exp_grp,Done,255,0,0.5200164318084717,0.52001643,-11.523942699910378,0.02579790336705366,71,372,94,318,file:///C:/Users/Ajit/Documents/VS%20Code/Chemotaxis/Data/Exp_grp/image093.jpg,2048
-1,1886.0,2373376,3137536,0.0,0.0,0.078125,0.0,0.046875,1.5625,0.078125,image094.jpg,0,94,145,1,1532,94,b'eLsiyY47G00WtCv1LE30sgrSwUUczI1Ar4PsBpWBziiFIYiBKBDBngcywOEGpIGhaQcAC0KE8Q==',3184d329d7c83dcb0fc48be904d259f1,file:///C:/Users/Ajit/Documents/VS%20Code/Chemotaxis/Data/Exp_grp/image094.jpg,0,0,0,0,0,0,0,0,0,C:\Users\Ajit\Documents\VS Code\Chemotaxis\Data\Exp_grp,Done,255,0,0.5197377800941467,0.5197378,-11.707080841472866,0.02591612439271594,77,352,80,327,file:///C:/Users/Ajit/Documents/VS%20Code/Chemotaxis/Data/Exp_grp/image094.jpg,2048
-1,1906.0,2373376,3137536,0.0,0.0,0.015625,0.0,0.046875,1.390625,0.09375,image095.jpg,0,95,145,1,1532,95,b'eLsiyY47G00WtCv1LE31sgrSwUUczI1Ar4PsBpWBziiFIYiBKBDBngcywOEGpIGhaQcAC4+E8g==',c58b7d1ac93696e235cba2df772640af,file:///C:/Users/Ajit/Documents/VS%20Code/Chemotaxis/Data/Exp_grp/image095.jpg,0,0,0,0,0,0,0,0,0,C:\Users\Ajit\Documents\VS Code\Chemotaxis\Data\Exp_grp,Done,255,0,0.52006596326828,0.52006596,-11.756329488057698,0.025722978123530468,60,347,74,343,file:///C:/Users/Ajit/Documents/VS%20Code/Chemotaxis/Data/Exp_grp/image095.jpg,2048
-1,1894.0,2373376,3137536,0.0,0.0,0.0,0.0,0.015625,1.46875,0.125,image096.jpg,0,96,145,1,1532,96,b'eLsiyY47G00WtCv1LM30sgrSwUUczI1Ar4PsBpWBziiFIYiBKBDBngcywOEGpIGhaQcAC9yE8w==',5782e0f7217bf8dfa4dfd86b542cc6f7,file:///C:/Users/Ajit/Documents/VS%20Code/Chemotaxis/Data/Exp_grp/image096.jpg,0,0,0,0,0,0,0,0,0,C:\Users\Ajit\Documents\VS Code\Chemotaxis\Data\Exp_grp,Done,255,0,0.5200760364532471,0.52007604,-11.886878260655195,0.02599109813039303,67,354,72,351,file:///C:/Users/Ajit/Documents/VS%20Code/Chemotaxis/Data/Exp_grp/image096.jpg,2048
-1,1871.0,2373376,3137536,0.0,0.0,0.09375,0.0,0.0625,1.40625,0.125,image097.jpg,0,97,145,1,1532,97,b'eLsiyY47G00WtCv1LM31sgrSwUUczI1Ar4PsBpWBziiFIYiBKBDBngcywOEGpIGhaQcADCmE9A==',39f606c00622e18a90f929cfd77118c5,file:///C:/Users/Ajit/Documents/VS%20Code/Chemotaxis/Data/Exp_grp/image097.jpg,0,0,0,0,0,0,0,0,0,C:\Users\Ajit\Documents\VS Code\Chemotaxis\Data\Exp_grp,Done,255,0,0.5207334756851196,0.5207335,-11.686611698022276,0.025612302763566522,74,352,80,334,file:///C:/Users/Ajit/Documents/VS%20Code/Chemotaxis/Data/Exp_grp/image097.jpg,2048
-1,1890.0,2373376,3137536,0.0,0.0,0.09375,0.0,0.0625,1.328125,0.109375,image098.jpg,0,98,145,1,1532,98,b'eLsiyY47G00WtCv1LC30sgrSwUUczI1Ar4PsBpWBziiFIYiBKBDBngcywOEGpIGhaQcADHaE9Q==',2a74db439b46bc028dc34148bbbdc8be,file:///C:/Users/Ajit/Documents/VS%20Code/Chemotaxis/Data/Exp_grp/image098.jpg,0,0,0,0,0,0,0,0,0,C:\Users\Ajit\Documents\VS Code\Chemotaxis\Data\Exp_grp,Done,255,0,0.5213024020195007,0.5213024,-11.651434711826285,0.025900084463686725,77,323,70,334,file:///C:/Users/Ajit/Documents/VS%20Code/Chemotaxis/Data/Exp_grp/image098.jpg,2048
-1,1875.0,2373376,3137536,0.0,0.0,0.015625,0.0,0.0625,1.53125,0.109375,image099.jpg,0,99,145,1,1532,99,b'eLsiyY47G00WtCv1LC31sgrSwUUczI1Ar4PsBpWBziiFIYiBKBDBngcywOEGpIGhaQcADMOE9g==',d0ae2f2d44854325e87400afde372809,file:///C:/Users/Ajit/Documents/VS%20Code/Chemotaxis/Data/Exp_grp/image099.jpg,0,0,0,0,0,0,0,0,0,C:\Users\Ajit\Documents\VS Code\Chemotaxis\Data\Exp_grp,Done,255,0,0.5204286575317383,0.52042866,-11.749600260740893,0.025747992085250266,50,359,73,333,file:///C:/Users/Ajit/Documents/VS%20Code/Chemotaxis/Data/Exp_grp/image099.jpg,2048
-1,1853.0,2373376,3137536,0.0,0.0,0.078125,0.0,0.03125,1.515625,0.140625,image100.jpg,0,100,145,1,1532,100,b'eLsiyY47G00WtEsWBgZ6WQXp4CIO5kag10F2g8pAZ5TCEMRAFIhgzwMZ4HAD0sDQtAMAB5+E5Q==',607e052179615152893f3ffb4e2cb9f4,file:///C:/Users/Ajit/Documents/VS%20Code/Chemotaxis/Data/Exp_grp/image100.jpg,0,0,0,0,0,0,0,0,0,C:\Users\Ajit\Documents\VS Code\Chemotaxis\Data\Exp_grp,Done,255,0,0.5237771272659302,0.5237771,-10.97098181106923,0.025923337283088432,68,353,88,318,file:///C:/Users/Ajit/Documents/VS%20Code/Chemotaxis/Data/Exp_grp/image100.jpg,2048
-1,1927.0,2373376,3137536,0.0,0.0,0.046875,0.0,0.078125,1.25,0.09375,image101.jpg,0,101,145,1,1532,101,b'eLsiyY47G00WtEsWBoZ6WQXp4CIO5kag10F2g8pAZ5TCEMRAFIhgzwMZ4HAD0sDQtAMAB+yE5g==',1639f460b665b4a865660f5801df13c7,file:///C:/Users/Ajit/Documents/VS%20Code/Chemotaxis/Data/Exp_grp/image101.jpg,0,0,0,0,0,0,0,0,0,C:\Users\Ajit\Documents\VS Code\Chemotaxis\Data\Exp_grp,Done,255,0,0.5211383104324341,0.5211383,-11.554732486111131,0.02608174169462294,61,358,98,326,file:///C:/Users/Ajit/Documents/VS%20Code/Chemotaxis/Data/Exp_grp/image101.jpg,2048
-1,1921.0,2373376,3137536,0.0,0.0,0.0625,0.0,0.0625,1.578125,0.125,image102.jpg,0,102,145,1,1532,102,b'eLsiyY47G00WtEsWBkZ6WQXp4CIO5kag10F2g8pAZ5TCEMRAFIhgzwMZ4HAD0sDQtAMACDmE5w==',fe773f5ef4f8c660faede5a0944cd615,file:///C:/Users/Ajit/Documents/VS%20Code/Chemotaxis/Data/Exp_grp/image102.jpg,0,0,0,0,0,0,0,0,0,C:\Users\Ajit\Documents\VS Code\Chemotaxis\Data\Exp_grp,Done,255,0,0.5240339040756226,0.5240339,-10.97453864533293,0.026077637831268635,70,372,72,337,file:///C:/Users/Ajit/Documents/VS%20Code/Chemotaxis/Data/Exp_grp/image102.jpg,2048
-1,1922.0,2373376,3137536,0.0,0.0,0.078125,0.0,0.03125,1.53125,0.109375,image103.jpg,0,103,145,1,1532,103,b'eLsiyY47G00WtEsWBsZ6WQXp4CIO5kag10F2g8pAZ5TCEMRAFIhgzwMZ4HAD0sDQtAMACIaE6A==',2e695eaa3551b886c52cdcb4d8a2fc83,file:///C:/Users/Ajit/Documents/VS%20Code/Chemotaxis/Data/Exp_grp/image103.jpg,0,0,0,0,0,0,0,0,0,C:\Users\Ajit\Documents\VS Code\Chemotaxis\Data\Exp_grp,Done,255,0,0.5209233164787292,0.5209233,-11.787862164139074,0.026203266258913414,59,378,81,334,file:///C:/Users/Ajit/Documents/VS%20Code/Chemotaxis/Data/Exp_grp/image103.jpg,2048
-1,1898.0,2373376,3137536,0.0,0.0,0.03125,0.0,0.03125,1.640625,0.140625,image104.jpg,0,104,145,1,1532,104,b'eLsiyY47G00WtEsWBiZ6WQXp4CIO5kag10F2g8pAZ5TCEMRAFIhgzwMZ4HAD0sDQtAMACNOE6Q==',b5c036136abedf133bcbcbde2520b41c,file:///C:/Users/Ajit/Documents/VS%20Code/Chemotaxis/Data/Exp_grp/image104.jpg,0,0,0,0,0,0,0,0,0,C:\Users\Ajit\Documents\VS Code\Chemotaxis\Data\Exp_grp,Done,255,0,0.5239415168762207,0.5239415,-10.997375306008742,0.025885227570545986,52,373,82,321,file:///C:/Users/Ajit/Documents/VS%20Code/Chemotaxis/Data/Exp_grp/image104.jpg,2048
-1,1939.0,2373376,3137536,0.0,0.0,0.0625,0.0,0.046875,1.625,0.109375,image105.jpg,0,105,145,1,1532,105,b'eLsiyY47G00WtEsWBqZ6WQXp4CIO5kag10F2g8pAZ5TCEMRAFIhgzwMZ4HAD0sDQtAMACSCE6g==',4dcd72ee769265a3f5b2e13d310d3c0f,file:///C:/Users/Ajit/Documents/VS%20Code/Chemotaxis/Data/Exp_grp/image105.jpg,0,0,0,0,0,0,0,0,0,C:\Users\Ajit\Documents\VS Code\Chemotaxis\Data\Exp_grp,Done,255,0,0.5274711847305298,0.5274712,-11.171733196655257,0.024986838284752462,63,321,90,341,file:///C:/Users/Ajit/Documents/VS%20Code/Chemotaxis/Data/Exp_grp/image105.jpg,2048
-1,1971.0,2373376,3137536,0.0,0.0,0.09375,0.0,0.046875,1.453125,0.171875,image106.jpg,0,106,145,1,1532,106,b'eLsiyY47G00WtEsWBmZ6WQXp4CIO5kag10F2g8pAZ5TCEMRAFIhgzwMZ4HAD0sDQtAMACW2E6w==',743d6b422803da40d5e522eede8a6afd,file:///C:/Users/Ajit/Documents/VS%20Code/Chemotaxis/Data/Exp_grp/image106.jpg,0,0,0,0,0,0,0,0,0,C:\Users\Ajit\Documents\VS Code\Chemotaxis\Data\Exp_grp,Done,255,0,0.5252440571784973,0.52524406,-11.302248448956615,0.025173696142323,72,367,106,337,file:///C:/Users/Ajit/Documents/VS%20Code/Chemotaxis/Data/Exp_grp/image106.jpg,2048
-1,1936.0,2373376,3137536,0.0,0.0,0.0625,0.0,0.0625,1.578125,0.109375,image107.jpg,0,107,145,1,1532,107,b'eLsiyY47G00WtEsWBuZ6WQXp4CIO5kag10F2g8pAZ5TCEMRAFIhgzwMZ4HAD0sDQtAMACbqE7A==',3dfefebfab97115525bfc175bbdd806a,file:///C:/Users/Ajit/Documents/VS%20Code/Chemotaxis/Data/Exp_grp/image107.jpg,0,0,0,0,0,0,0,0,0,C:\Users\Ajit\Documents\VS Code\Chemotaxis\Data\Exp_grp,Done,255,0,0.5253530740737915,0.5253531,-11.475280575280888,0.025316529919734012,68,372,81,340,file:///C:/Users/Ajit/Documents/VS%20Code/Chemotaxis/Data/Exp_grp/image107.jpg,2048
-1,1950.0,2373376,3137536,0.0,0.0,0.046875,0.0,0.078125,1.515625,0.09375,image108.jpg,0,108,145,1,1532,108,b'eLsiyY47G00WtEsWBhZ6WQXp4CIO5kag10F2g8pAZ5TCEMRAFIhgzwMZ4HAD0sDQtAMACgeE7Q==',a5e7e90018e227a136e161a2ad4fc600,file:///C:/Users/Ajit/Documents/VS%20Code/Chemotaxis/Data/Exp_grp/image108.jpg,0,0,0,0,0,0,0,0,0,C:\Users\Ajit\Documents\VS Code\Chemotaxis\Data\Exp_grp,Done,255,0,0.5278446674346924,0.52784467,-10.955318416244936,0.025325770698955415,63,354,73,349,file:///C:/Users/Ajit/Documents/VS%20Code/Chemotaxis/Data/Exp_grp/image108.jpg,2048
-1,1935.0,2373376,3137536,0.0,0.0,0.015625,0.0,0.03125,1.734375,0.078125,image109.jpg,0,109,145,1,1532,109,b'eLsiyY47G00WtEsWBpZ6WQXp4CIO5kag10F2g8pAZ5TCEMRAFIhgzwMZ4HAD0sDQtAMAClSE7g==',c2d83e821f255f62d3593b5f715129cb,file:///C:/Users/Ajit/Documents/VS%20Code/Chemotaxis/Data/Exp_grp/image109.jpg,0,0,0,0,0,0,0,0,0,C:\Users\Ajit\Documents\VS Code\Chemotaxis\Data\Exp_grp,Done,255,0,0.5275163650512695,0.52751637,-11.375344893356619,0.025284471692160505,75,364,114,332,file:///C:/Users/Ajit/Documents/VS%20Code/Chemotaxis/Data/Exp_grp/image109.jpg,2048
-1,2008.0,2373376,3137536,0.0,0.0,0.03125,0.0,0.03125,1.5625,0.078125,image110.jpg,0,110,145,1,1532,110,b'eLsiyY47G00WtEsWhgZ6WQXp4CIO5kag10F2g8pAZ5TCEMRAFIhgzwMZ4HAD0sDQtAMAB+2E5g==',a3924ee1eaebeccd66b106dcdc255ff6,file:///C:/Users/Ajit/Documents/VS%20Code/Chemotaxis/Data/Exp_grp/image110.jpg,0,0,0,0,0,0,0,0,0,C:\Users\Ajit\Documents\VS Code\Chemotaxis\Data\Exp_grp,Done,255,0,0.5250962376594543,0.52509624,-11.544906960162939,0.025254799018089316,55,388,104,352,file:///C:/Users/Ajit/Documents/VS%20Code/Chemotaxis/Data/Exp_grp/image110.jpg,2048
-1,2001.0,2373376,3137536,0.0,0.0,0.0,0.0,0.046875,1.5,0.0625,image111.jpg,0,111,145,1,1532,111,b'eLsiyY47G00WtEsWhoZ6WQXp4CIO5kag10F2g8pAZ5TCEMRAFIhgzwMZ4HAD0sDQtAMACDqE5w==',ed01a1ea9613903e2fe17e44221878f6,file:///C:/Users/Ajit/Documents/VS%20Code/Chemotaxis/Data/Exp_grp/image111.jpg,0,0,0,0,0,0,0,0,0,C:\Users\Ajit\Documents\VS Code\Chemotaxis\Data\Exp_grp,Done,255,0,0.5243666172027588,0.5243666,-11.631753841749447,0.025326429029485457,68,399,85,369,file:///C:/Users/Ajit/Documents/VS%20Code/Chemotaxis/Data/Exp_grp/image111.jpg,2048
-1,1994.0,2373376,3137536,0.0,0.0,0.046875,0.0,0.078125,1.75,0.140625,image112.jpg,0,112,145,1,1532,112,b'eLsiyY47G00WtEsWhkZ6WQXp4CIO5kag10F2g8pAZ5TCEMRAFIhgzwMZ4HAD0sDQtAMACIeE6A==',ccca37a42bae2f6ac0dbe7d4fe714f73,file:///C:/Users/Ajit/Documents/VS%20Code/Chemotaxis/Data/Exp_grp/image112.jpg,0,0,0,0,0,0,0,0,0,C:\Users\Ajit\Documents\VS Code\Chemotaxis\Data\Exp_grp,Done,255,0,0.5281597971916199,0.5281598,-10.823241915362397,0.025274670976879847,63,361,76,343,file:///C:/Users/Ajit/Documents/VS%20Code/Chemotaxis/Data/Exp_grp/image112.jpg,2048
-1,1980.0,2373376,3137536,0.0,0.0,0.0,0.0,0.0625,1.75,0.15625,image113.jpg,0,113,145,1,1532,113,b'eLsiyY47G00WtEsWhsZ6WQXp4CIO5kag10F2g8pAZ5TCEMRAFIhgzwMZ4HAD0sDQtAMACNSE6Q==',e79ec4d97ad455129996afee355a92e9,file:///C:/Users/Ajit/Documents/VS%20Code/Chemotaxis/Data/Exp_grp/image113.jpg,0,0,0,0,0,0,0,0,0,C:\Users\Ajit\Documents\VS Code\Chemotaxis\Data\Exp_grp,Done,255,0,0.5276699066162109,0.5276699,-11.278565152843697,0.025330238533610303,49,390,77,352,file:///C:/Users/Ajit/Documents/VS%20Code/Chemotaxis/Data/Exp_grp/image113.jpg,2048
-1,2031.0,2373376,3137536,0.0,0.0,0.078125,0.0,0.015625,1.578125,0.109375,image114.jpg,0,114,145,1,1532,114,b'eLsiyY47G00WtEsWhiZ6WQXp4CIO5kag10F2g8pAZ5TCEMRAFIhgzwMZ4HAD0sDQtAMACSGE6g==',d3c45aa32c5bacbabf37257f83657791,file:///C:/Users/Ajit/Documents/VS%20Code/Chemotaxis/Data/Exp_grp/image114.jpg,0,0,0,0,0,0,0,0,0,C:\Users\Ajit\Documents\VS Code\Chemotaxis\Data\Exp_grp,Done,255,0,0.5250760912895203,0.5250761,-11.611649824931776,0.025321378019169633,64,374,90,352,file:///C:/Users/Ajit/Documents/VS%20Code/Chemotaxis/Data/Exp_grp/image114.jpg,2048
-1,2028.0,2373376,3137536,0.0,0.0,0.03125,0.0,0.0625,1.3125,0.03125,image115.jpg,0,115,145,1,1532,115,b'eLsiyY47G00WtEsWhqZ6WQXp4CIO5kag10F2g8pAZ5TCEMRAFIhgzwMZ4HAD0sDQtAMACW6E6w==',fd13d4bd1905745beed0ba9940161468,file:///C:/Users/Ajit/Documents/VS%20Code/Chemotaxis/Data/Exp_grp/image115.jpg,0,0,0,0,0,0,0,0,0,C:\Users\Ajit\Documents\VS Code\Chemotaxis\Data\Exp_grp,Done,255,0,0.5281305909156799,0.5281306,-11.227871467083686,0.025405945100389828,58,367,67,350,file:///C:/Users/Ajit/Documents/VS%20Code/Chemotaxis/Data/Exp_grp/image115.jpg,2048
-1,2006.0,2373376,3137536,0.0,0.0,0.03125,0.0,0.09375,1.484375,0.09375,image116.jpg,0,116,145,1,1532,116,b'eLsiyY47G00WtEsWhmZ6WQXp4CIO5kag10F2g8pAZ5TCEMRAFIhgzwMZ4HAD0sDQtAMACbuE7A==',964b27879c8fe2e88fd335bfecdec3c8,file:///C:/Users/Ajit/Documents/VS%20Code/Chemotaxis/Data/Exp_grp/image116.jpg,0,0,0,0,0,0,0,0,0,C:\Users\Ajit\Documents\VS Code\Chemotaxis\Data\Exp_grp,Done,255,0,0.5243576765060425,0.5243577,-11.529551893554155,0.02619469491491005,48,388,73,347,file:///C:/Users/Ajit/Documents/VS%20Code/Chemotaxis/Data/Exp_grp/image116.jpg,2048
-1,2070.0,2373376,3137536,0.0,0.0,0.046875,0.0,0.046875,1.640625,0.078125,image117.jpg,0,117,145,1,1532,117,b'eLsiyY47G00WtEsWhuZ6WQXp4CIO5kag10F2g8pAZ5TCEMRAFIhgzwMZ4HAD0sDQtAMACgiE7Q==',d80deffd637bea642b1a893bef9d99e7,file:///C:/Users/Ajit/Documents/VS%20Code/Chemotaxis/Data/Exp_grp/image117.jpg,0,0,0,0,0,0,0,0,0,C:\Users\Ajit\Documents\VS Code\Chemotaxis\Data\Exp_grp,Done,255,0,0.5247074365615845,0.52470744,-11.528024100428635,0.026281584713663667,56,380,95,351,file:///C:/Users/Ajit/Documents/VS%20Code/Chemotaxis/Data/Exp_grp/image117.jpg,2048
-1,2076.0,2373376,3137536,0.0,0.0,0.046875,0.0,0.015625,1.625,0.109375,image118.jpg,0,118,145,1,1532,118,b'eLsiyY47G00WtEsWhhZ6WQXp4CIO5kag10F2g8pAZ5TCEMRAFIhgzwMZ4HAD0sDQtAMAClWE7g==',9b05b24d0ccf561e79875d6dd33292bf,file:///C:/Users/Ajit/Documents/VS%20Code/Chemotaxis/Data/Exp_grp/image118.jpg,0,0,0,0,0,0,0,0,0,C:\Users\Ajit\Documents\VS Code\Chemotaxis\Data\Exp_grp,Done,255,0,0.5245581865310669,0.5245582,-11.409346123282873,0.02623614150729827,75,405,89,353,file:///C:/Users/Ajit/Documents/VS%20Code/Chemotaxis/Data/Exp_grp/image118.jpg,2048
-1,2033.0,2373376,3137536,0.0,0.0,0.03125,0.0,0.078125,1.5625,0.0625,image119.jpg,0,119,145,1,1532,119,b'eLsiyY47G00WtEsWhpZ6WQXp4CIO5kag10F2g8pAZ5TCEMRAFIhgzwMZ4HAD0sDQtAMACqKE7w==',04f813e409e1a332391e6540b7a1c65e,file:///C:/Users/Ajit/Documents/VS%20Code/Chemotaxis/Data/Exp_grp/image119.jpg,0,0,0,0,0,0,0,0,0,C:\Users\Ajit\Documents\VS Code\Chemotaxis\Data\Exp_grp,Done,255,0,0.5242616534233093,0.52426165,-11.467776074226542,0.02619531732749757,61,397,73,336,file:///C:/Users/Ajit/Documents/VS%20Code/Chemotaxis/Data/Exp_grp/image119.jpg,2048
-1,2023.0,2373376,3137536,0.0,0.0,0.046875,0.0,0.015625,1.203125,0.078125,image120.jpg,0,120,145,1,1532,120,b'eLsiyY47G00WtEsWRgZ6WQXp4CIO5kag10F2g8pAZ5TCEMRAFIhgzwMZ4HAD0sDQtAMACDuE5w==',5c40664dff7da3263c0f3dfa4c5f5ef3,file:///C:/Users/Ajit/Documents/VS%20Code/Chemotaxis/Data/Exp_grp/image120.jpg,0,0,0,0,0,0,0,0,0,C:\Users\Ajit\Documents\VS Code\Chemotaxis\Data\Exp_grp,Done,255,0,0.5240572094917297,0.5240572,-11.619358173970575,0.026279532894108542,75,385,88,352,file:///C:/Users/Ajit/Documents/VS%20Code/Chemotaxis/Data/Exp_grp/image120.jpg,2048
-1,1998.0,2373376,3137536,0.0,0.0,0.078125,0.0,0.0625,1.15625,0.0625,image121.jpg,0,121,145,1,1532,121,b'eLsiyY47G00WtEsWRoZ6WQXp4CIO5kag10F2g8pAZ5TCEMRAFIhgzwMZ4HAD0sDQtAMACIiE6A==',1c5f9fcf620ccf0a56a8e7408cfd244d,file:///C:/Users/Ajit/Documents/VS%20Code/Chemotaxis/Data/Exp_grp/image121.jpg,0,0,0,0,0,0,0,0,0,C:\Users\Ajit\Documents\VS Code\Chemotaxis\Data\Exp_grp,Done,255,0,0.5240864753723145,0.5240865,-11.569518822875864,0.025971374151109138,75,382,95,343,file:///C:/Users/Ajit/Documents/VS%20Code/Chemotaxis/Data/Exp_grp/image121.jpg,2048
-1,2072.0,2373376,3137536,0.0,0.0,0.046875,0.0,0.03125,1.5,0.140625,image122.jpg,0,122,145,1,1532,122,b'eLsiyY47G00WtEsWRkZ6WQXp4CIO5kag10F2g8pAZ5TCEMRAFIhgzwMZ4HAD0sDQtAMACNWE6Q==',2b3b84a325876731a2f77751ed21927d,file:///C:/Users/Ajit/Documents/VS%20Code/Chemotaxis/Data/Exp_grp/image122.jpg,0,0,0,0,0,0,0,0,0,C:\Users\Ajit\Documents\VS Code\Chemotaxis\Data\Exp_grp,Done,255,0,0.5244619250297546,0.5244619,-11.657271011076546,0.025692062238971563,77,352,87,358,file:///C:/Users/Ajit/Documents/VS%20Code/Chemotaxis/Data/Exp_grp/image122.jpg,2048
-1,2016.0,2373376,3137536,0.0,0.0,0.046875,0.0,0.03125,1.265625,0.03125,image123.jpg,0,123,145,1,1532,123,b'eLsiyY47G00WtEsWRsZ6WQXp4CIO5kag10F2g8pAZ5TCEMRAFIhgzwMZ4HAD0sDQtAMACSKE6g==',ac1e9c9ef2ece58d6a59f04ef0473923,file:///C:/Users/Ajit/Documents/VS%20Code/Chemotaxis/Data/Exp_grp/image123.jpg,0,0,0,0,0,0,0,0,0,C:\Users\Ajit\Documents\VS Code\Chemotaxis\Data\Exp_grp,Done,255,0,0.5248603820800781,0.5248604,-11.684247329478794,0.02552993423353231,98,412,91,345,file:///C:/Users/Ajit/Documents/VS%20Code/Chemotaxis/Data/Exp_grp/image123.jpg,2048
-1,2073.0,2373376,3137536,0.0,0.0,0.03125,0.0,0.0625,1.578125,0.125,image124.jpg,0,124,145,1,1532,124,b'eLsiyY47G00WtEsWRiZ6WQXp4CIO5kag10F2g8pAZ5TCEMRAFIhgzwMZ4HAD0sDQtAMACW+E6w==',cbe02b0a6dba3c8014ee30d4f7ef7a3e,file:///C:/Users/Ajit/Documents/VS%20Code/Chemotaxis/Data/Exp_grp/image124.jpg,0,0,0,0,0,0,0,0,0,C:\Users\Ajit\Documents\VS Code\Chemotaxis\Data\Exp_grp,Done,255,0,0.5252784490585327,0.52527845,-11.150781354705508,0.025336883064522062,64,387,98,363,file:///C:/Users/Ajit/Documents/VS%20Code/Chemotaxis/Data/Exp_grp/image124.jpg,2048
-1,2054.0,2373376,3137536,0.0,0.0,0.015625,0.0,0.03125,1.484375,0.125,image125.jpg,0,125,145,1,1532,125,b'eLsiyY47G00WtEsWRqZ6WQXp4CIO5kag10F2g8pAZ5TCEMRAFIhgzwMZ4HAD0sDQtAMACbyE7A==',1122475dd68f30d84999693c8c5a1af4,file:///C:/Users/Ajit/Documents/VS%20Code/Chemotaxis/Data/Exp_grp/image125.jpg,0,0,0,0,0,0,0,0,0,C:\Users\Ajit\Documents\VS Code\Chemotaxis\Data\Exp_grp,Done,255,0,0.5276809334754944,0.52768093,-11.174770424255797,0.025676230505282834,67,393,69,359,file:///C:/Users/Ajit/Documents/VS%20Code/Chemotaxis/Data/Exp_grp/image125.jpg,2048
-1,2081.0,2373376,3137536,0.0,0.0,0.125,0.0,0.046875,1.265625,0.09375,image126.jpg,0,126,145,1,1532,126,b'eLsiyY47G00WtEsWRmZ6WQXp4CIO5kag10F2g8pAZ5TCEMRAFIhgzwMZ4HAD0sDQtAMACgmE7Q==',21afa899c82bbe21d7a621384188a31c,file:///C:/Users/Ajit/Documents/VS%20Code/Chemotaxis/Data/Exp_grp/image126.jpg,0,0,0,0,0,0,0,0,0,C:\Users\Ajit\Documents\VS Code\Chemotaxis\Data\Exp_grp,Done,255,0,0.524594783782959,0.5245948,-11.860931192958883,0.02569665765088333,67,363,83,363,file:///C:/Users/Ajit/Documents/VS%20Code/Chemotaxis/Data/Exp_grp/image126.jpg,2048
-1,2082.0,2373376,3137536,0.0,0.0,0.09375,0.0,0.015625,1.4375,0.078125,image127.jpg,0,127,145,1,1532,127,b'eLsiyY47G00WtEsWRuZ6WQXp4CIO5kag10F2g8pAZ5TCEMRAFIhgzwMZ4HAD0sDQtAMAClaE7g==',b9fe9c16c1717574580004f62e95ad69,file:///C:/Users/Ajit/Documents/VS%20Code/Chemotaxis/Data/Exp_grp/image127.jpg,0,0,0,0,0,0,0,0,0,C:\Users\Ajit\Documents\VS Code\Chemotaxis\Data\Exp_grp,Done,255,0,0.5248252153396606,0.5248252,-11.764290610311619,0.02556844208382903,75,408,86,355,file:///C:/Users/Ajit/Documents/VS%20Code/Chemotaxis/Data/Exp_grp/image127.jpg,2048
-1,2095.0,2373376,3137536,0.0,0.0,0.0625,0.0,0.03125,1.546875,0.15625,image128.jpg,0,128,145,1,1532,128,b'eLsiyY47G00WtEsWRhZ6WQXp4CIO5kag10F2g8pAZ5TCEMRAFIhgzwMZ4HAD0sDQtAMACqOE7w==',f6ef85abeb54318132866cdd74945795,file:///C:/Users/Ajit/Documents/VS%20Code/Chemotaxis/Data/Exp_grp/image128.jpg,0,0,0,0,0,0,0,0,0,C:\Users\Ajit\Documents\VS Code\Chemotaxis\Data\Exp_grp,Done,255,0,0.5247613787651062,0.5247614,-11.85089957658085,0.025905939514365817,53,375,87,366,file:///C:/Users/Ajit/Documents/VS%20Code/Chemotaxis/Data/Exp_grp/image128.jpg,2048
-1,2077.0,2373376,3137536,0.0,0.0,0.109375,0.0,0.0625,1.21875,0.046875,image129.jpg,0,129,145,1,1532,129,b'eLsiyY47G00WtEsWRpZ6WQXp4CIO5kag10F2g8pAZ5TCEMRAFIhgzwMZ4HAD0sDQtAMACvCE8A==',ab088998125fbb5b2e7a7038167e3b43,file:///C:/Users/Ajit/Documents/VS%20Code/Chemotaxis/Data/Exp_grp/image129.jpg,0,0,0,0,0,0,0,0,0,C:\Users\Ajit\Documents\VS Code\Chemotaxis\Data\Exp_grp,Done,255,0,0.5249056816101074,0.5249057,-11.84900334270143,0.026024092891614014,61,407,62,372,file:///C:/Users/Ajit/Documents/VS%20Code/Chemotaxis/Data/Exp_grp/image129.jpg,2048
-1,2115.0,2373376,3137536,0.0,0.0,0.03125,0.0,0.046875,1.46875,0.09375,image130.jpg,0,130,145,1,1532,130,b'eLsiyY47G00WtEsWxgZ6WQXp4CIO5kag10F2g8pAZ5TCEMRAFIhgzwMZ4HAD0sDQtAMACImE6A==',729a62fff830e04affc446c97acb5635,file:///C:/Users/Ajit/Documents/VS%20Code/Chemotaxis/Data/Exp_grp/image130.jpg,0,0,0,0,0,0,0,0,0,C:\Users\Ajit\Documents\VS Code\Chemotaxis\Data\Exp_grp,Done,255,0,0.524983286857605,0.5249833,-11.654076824785733,0.026414756291205724,60,378,80,370,file:///C:/Users/Ajit/Documents/VS%20Code/Chemotaxis/Data/Exp_grp/image130.jpg,2048
-1,2109.0,2373376,3137536,0.0,0.0,0.046875,0.0,0.078125,1.296875,0.09375,image131.jpg,0,131,145,1,1532,131,b'eLsiyY47G00WtEsWxoZ6WQXp4CIO5kag10F2g8pAZ5TCEMRAFIhgzwMZ4HAD0sDQtAMACNaE6Q==',9e489ef5cef48ed694e0d3868efbc61d,file:///C:/Users/Ajit/Documents/VS%20Code/Chemotaxis/Data/Exp_grp/image131.jpg,0,0,0,0,0,0,0,0,0,C:\Users\Ajit\Documents\VS Code\Chemotaxis\Data\Exp_grp,Done,255,0,0.5281761288642883,0.5281761,-11.294740039029985,0.026569609454645975,73,424,79,368,file:///C:/Users/Ajit/Documents/VS%20Code/Chemotaxis/Data/Exp_grp/image131.jpg,2048
-1,2125.0,2373376,3137536,0.0,0.0,0.046875,0.0,0.0625,1.71875,0.109375,image132.jpg,0,132,145,1,1532,132,b'eLsiyY47G00WtEsWxkZ6WQXp4CIO5kag10F2g8pAZ5TCEMRAFIhgzwMZ4HAD0sDQtAMACSOE6g==',5c775322d8162ac843aba448eceb95ce,file:///C:/Users/Ajit/Documents/VS%20Code/Chemotaxis/Data/Exp_grp/image132.jpg,0,0,0,0,0,0,0,0,0,C:\Users\Ajit\Documents\VS Code\Chemotaxis\Data\Exp_grp,Done,255,0,0.525465190410614,0.5254652,-11.59827403004783,0.026539475513166152,75,379,89,370,file:///C:/Users/Ajit/Documents/VS%20Code/Chemotaxis/Data/Exp_grp/image132.jpg,2048
-1,2102.0,2373376,3137536,0.0,0.0,0.03125,0.0,0.03125,1.46875,0.125,image133.jpg,0,133,145,1,1532,133,b'eLsiyY47G00WtEsWxsZ6WQXp4CIO5kag10F2g8pAZ5TCEMRAFIhgzwMZ4HAD0sDQtAMACXCE6w==',4fb0191627bb0f9fd6f3f853f1013f2e,file:///C:/Users/Ajit/Documents/VS%20Code/Chemotaxis/Data/Exp_grp/image133.jpg,0,0,0,0,0,0,0,0,0,C:\Users\Ajit\Documents\VS Code\Chemotaxis\Data\Exp_grp,Done,255,0,0.528005838394165,0.52800584,-11.445190204326146,0.026366618498371457,79,402,81,359,file:///C:/Users/Ajit/Documents/VS%20Code/Chemotaxis/Data/Exp_grp/image133.jpg,2048
-1,2159.0,2373376,3137536,0.0,0.0,0.03125,0.0,0.0,1.453125,0.09375,image134.jpg,0,134,145,1,1532,134,b'eLsiyY47G00WtEsWxiZ6WQXp4CIO5kag10F2g8pAZ5TCEMRAFIhgzwMZ4HAD0sDQtAMACb2E7A==',e80991b8cdefe8dd3833042a4a3a6649,file:///C:/Users/Ajit/Documents/VS%20Code/Chemotaxis/Data/Exp_grp/image134.jpg,0,0,0,0,0,0,0,0,0,C:\Users\Ajit\Documents\VS Code\Chemotaxis\Data\Exp_grp,Done,255,0,0.5277191996574402,0.5277192,-11.442966286181633,0.026490423446866543,67,369,78,367,file:///C:/Users/Ajit/Documents/VS%20Code/Chemotaxis/Data/Exp_grp/image134.jpg,2048
-1,2156.0,2373376,3137536,0.0,0.0,0.0625,0.0,0.015625,1.53125,0.140625,image135.jpg,0,135,145,1,1532,135,b'eLsiyY47G00WtEsWxqZ6WQXp4CIO5kag10F2g8pAZ5TCEMRAFIhgzwMZ4HAD0sDQtAMACgqE7Q==',2275bd117bfedf762109ccbb60672dbd,file:///C:/Users/Ajit/Documents/VS%20Code/Chemotaxis/Data/Exp_grp/image135.jpg,0,0,0,0,0,0,0,0,0,C:\Users\Ajit\Documents\VS Code\Chemotaxis\Data\Exp_grp,Done,255,0,0.527872622013092,0.5278726,-11.8270036172359,0.026564566160970172,61,418,87,378,file:///C:/Users/Ajit/Documents/VS%20Code/Chemotaxis/Data/Exp_grp/image135.jpg,2048
-1,2148.0,2373376,3137536,0.0,0.0,0.09375,0.0,0.03125,1.515625,0.125,image136.jpg,0,136,145,1,1532,136,b'eLsiyY47G00WtEsWxmZ6WQXp4CIO5kag10F2g8pAZ5TCEMRAFIhgzwMZ4HAD0sDQtAMACleE7g==',23ae0122d31f39e67ae2e089a391e7d3,file:///C:/Users/Ajit/Documents/VS%20Code/Chemotaxis/Data/Exp_grp/image136.jpg,0,0,0,0,0,0,0,0,0,C:\Users\Ajit\Documents\VS Code\Chemotaxis\Data\Exp_grp,Done,255,0,0.5289254784584045,0.5289255,-11.414708993728638,0.026599505623254773,63,419,73,367,file:///C:/Users/Ajit/Documents/VS%20Code/Chemotaxis/Data/Exp_grp/image136.jpg,2048
-1,2198.0,2373376,3137536,0.0,0.0,0.046875,0.0,0.046875,1.546875,0.140625,image137.jpg,0,137,145,1,1532,137,b'eLsiyY47G00WtEsWxuZ6WQXp4CIO5kag10F2g8pAZ5TCEMRAFIhgzwMZ4HAD0sDQtAMACqSE7w==',23582388a43f8f51f95723b4f6c7437a,file:///C:/Users/Ajit/Documents/VS%20Code/Chemotaxis/Data/Exp_grp/image137.jpg,0,0,0,0,0,0,0,0,0,C:\Users\Ajit\Documents\VS Code\Chemotaxis\Data\Exp_grp,Done,255,0,0.5289819240570068,0.5289819,-11.507100234563605,0.02660907959855736,54,398,79,374,file:///C:/Users/Ajit/Documents/VS%20Code/Chemotaxis/Data/Exp_grp/image137.jpg,2048
-1,2215.0,2373376,3137536,0.0,0.0,0.0625,0.0,0.03125,1.375,0.09375,image138.jpg,0,138,145,1,1532,138,b'eLsiyY47G00WtEsWxhZ6WQXp4CIO5kag10F2g8pAZ5TCEMRAFIhgzwMZ4HAD0sDQtAMACvGE8A==',0f686576548f0dd04e64069d5ae128cd,file:///C:/Users/Ajit/Documents/VS%20Code/Chemotaxis/Data/Exp_grp/image138.jpg,0,0,0,0,0,0,0,0,0,C:\Users\Ajit\Documents\VS Code\Chemotaxis\Data\Exp_grp,Done,255,0,0.528816819190979,0.5288168,-11.67479442701361,0.026292144803618026,48,407,77,367,file:///C:/Users/Ajit/Documents/VS%20Code/Chemotaxis/Data/Exp_grp/image138.jpg,2048
-1,2196.0,2373376,3137536,0.0,0.0,0.046875,0.0,0.046875,1.21875,0.140625,image139.jpg,0,139,145,1,1532,139,b'eLsiyY47G00WtEsWxpZ6WQXp4CIO5kag10F2g8pAZ5TCEMRAFIhgzwMZ4HAD0sDQtAMACz6E8Q==',9c8f6cb1f5702cf53bbc756c45b33d9b,file:///C:/Users/Ajit/Documents/VS%20Code/Chemotaxis/Data/Exp_grp/image139.jpg,0,0,0,0,0,0,0,0,0,C:\Users\Ajit\Documents\VS Code\Chemotaxis\Data\Exp_grp,Done,255,0,0.5285515785217285,0.5285516,-11.554970563279706,0.02661309485561455,63,433,52,378,file:///C:/Users/Ajit/Documents/VS%20Code/Chemotaxis/Data/Exp_grp/image139.jpg,2048
-1,2271.0,2373376,3137536,0.0,0.0,0.015625,0.0,0.03125,1.46875,0.078125,image140.jpg,0,140,145,1,1532,140,b'eLsiyY47G00WtEsWJgZ6WQXp4CIO5kag10F2g8pAZ5TCEMRAFIhgzwMZ4HAD0sDQtAMACNeE6Q==',15d5778d3033dd70a52ef1b65ba0f308,file:///C:/Users/Ajit/Documents/VS%20Code/Chemotaxis/Data/Exp_grp/image140.jpg,0,0,0,0,0,0,0,0,0,C:\Users\Ajit\Documents\VS Code\Chemotaxis\Data\Exp_grp,Done,255,0,0.5278475880622864,0.5278476,-11.777245326409732,0.02672677844505862,61,372,111,372,file:///C:/Users/Ajit/Documents/VS%20Code/Chemotaxis/Data/Exp_grp/image140.jpg,2048
-1,2293.0,2373376,3137536,0.0,0.0,0.015625,0.0,0.046875,1.59375,0.09375,image141.jpg,0,141,145,1,1532,141,b'eLsiyY47G00WtEsWJoZ6WQXp4CIO5kag10F2g8pAZ5TCEMRAFIhgzwMZ4HAD0sDQtAMACSSE6g==',c8a69c413a0543d1520110635c0bace2,file:///C:/Users/Ajit/Documents/VS%20Code/Chemotaxis/Data/Exp_grp/image141.jpg,0,0,0,0,0,0,0,0,0,C:\Users\Ajit\Documents\VS Code\Chemotaxis\Data\Exp_grp,Done,255,0,0.5285446643829346,0.52854466,-11.683226463829008,0.026513953549737138,62,444,93,380,file:///C:/Users/Ajit/Documents/VS%20Code/Chemotaxis/Data/Exp_grp/image141.jpg,2048
-1,2320.0,2373376,3137536,0.0,0.0,0.0625,0.0,0.046875,1.75,0.078125,image142.jpg,0,142,145,1,1532,142,b'eLsiyY47G00WtEsWJkZ6WQXp4CIO5kag10F2g8pAZ5TCEMRAFIhgzwMZ4HAD0sDQtAMACXGE6w==',693cc6e684d10ad22fdcff50f6d9e582,file:///C:/Users/Ajit/Documents/VS%20Code/Chemotaxis/Data/Exp_grp/image142.jpg,0,0,0,0,0,0,0,0,0,C:\Users\Ajit\Documents\VS Code\Chemotaxis\Data\Exp_grp,Done,255,0,0.5289181470870972,0.52891815,-11.664315161135164,0.026486604314894156,71,443,96,386,file:///C:/Users/Ajit/Documents/VS%20Code/Chemotaxis/Data/Exp_grp/image142.jpg,2048
-1,2284.0,2373376,3137536,0.0,0.0,0.03125,0.0,0.0625,1.53125,0.109375,image143.jpg,0,143,145,1,1532,143,b'eLsiyY47G00WtEsWJsZ6WQXp4CIO5kag10F2g8pAZ5TCEMRAFIhgzwMZ4HAD0sDQtAMACb6E7A==',bdcb178de707d9edc136711744b58325,file:///C:/Users/Ajit/Documents/VS%20Code/Chemotaxis/Data/Exp_grp/image143.jpg,0,0,0,0,0,0,0,0,0,C:\Users\Ajit\Documents\VS Code\Chemotaxis\Data\Exp_grp,Done,255,0,0.5289861559867859,0.52898616,-11.663600271384116,0.026606955822125654,67,480,100,384,file:///C:/Users/Ajit/Documents/VS%20Code/Chemotaxis/Data/Exp_grp/image143.jpg,2048
-1,2361.0,2373376,3137536,0.0,0.0,0.046875,0.0,0.0625,1.609375,0.15625,image144.jpg,0,144,145,1,1532,144,b'eLsiyY47G00WtEsWJiZ6WQXp4CIO5kag10F2g8pAZ5TCEMRAFIhgzwMZ4HAD0sDQtAMACguE7Q==',a5873e1c69fd19614d34d059570ec063,file:///C:/Users/Ajit/Documents/VS%20Code/Chemotaxis/Data/Exp_grp/image144.jpg,0,0,0,0,0,0,0,0,0,C:\Users\Ajit\Documents\VS Code\Chemotaxis\Data\Exp_grp,Done,255,0,0.5322320461273193,0.53223205,-11.612470186630311,0.02568084322579838,72,406,97,384,file:///C:/Users/Ajit/Documents/VS%20Code/Chemotaxis/Data/Exp_grp/image144.jpg,2048
-1,2309.0,2373376,3137536,0.0,0.0,0.046875,0.0,0.03125,1.703125,0.171875,image145.jpg,0,145,145,1,1532,145,b'eLsiyY47G00WtEsWJqZ6WQXp4CIO5kag10F2g8pAZ5TCEMRAFIhgzwMZ4HAD0sDQtAMACliE7g==',bff22c295f1fb294abfd22ebb01052c9,file:///C:/Users/Ajit/Documents/VS%20Code/Chemotaxis/Data/Exp_grp/image145.jpg,0,0,0,0,0,0,0,0,0,C:\Users\Ajit\Documents\VS Code\Chemotaxis\Data\Exp_grp,Done,255,0,0.532019317150116,0.5320193,-11.807987009797216,0.025618574880317685,78,437,76,397,file:///C:/Users/Ajit/Documents/VS%20Code/Chemotaxis/Data/Exp_grp/image145.jpg,2048
